generating_model,participant_id,trial,FirstRating,GroupRating,SecondRating_continuous,SecondRating_noisy_continuous,SecondRating,observed_change,social_gap,change,true_w_direct,true_w_social
SBA,1,1,1,1,1.4375,0.7490368366806657,1,0,0,0.4375,,
SBA,1,2,6,2,4.0625,4.951407659277871,5,-1,-4,-1.9375,,
SBA,1,3,5,8,6.25,5.887561191579993,6,1,3,1.25,,
SBA,1,4,1,7,4.0625,3.8530058614344154,4,3,6,3.0625,,
SBA,1,5,8,1,4.5,4.852709032533937,5,-3,-7,-3.5,,
SBA,1,6,2,7,4.5,4.817742853343741,5,3,5,2.5,,
SBA,1,7,3,5,4.0625,4.326952211726933,4,1,2,1.0625,,
SBA,1,8,2,7,4.5,4.1903339872582706,4,2,5,2.5,,
SBA,1,9,3,6,4.5,3.4139342573238967,3,0,3,1.5,,
SBA,1,10,2,8,4.9375,4.842966664144628,5,3,6,2.9375,,
SBA,1,11,3,5,4.0625,4.409429293557621,4,1,2,1.0625,,
SBA,1,12,7,8,7.125,7.338291366867278,7,0,1,0.125,,
SBA,1,13,4,7,5.375,5.845003274882669,6,2,3,1.375,,
SBA,1,14,8,6,6.6875,6.496034141322602,6,-2,-2,-1.3125,,
SBA,1,15,4,4,4.0625,3.6606960836049858,4,0,0,0.0625,,
SBA,1,16,3,5,4.0625,3.4543919021533993,3,0,2,1.0625,,
SBA,1,17,7,8,7.125,7.407660093554377,7,0,1,0.125,,
SBA,1,18,7,7,6.6875,6.79441033668146,7,0,0,-0.3125,,
SBA,1,19,7,4,5.375,5.343847024367121,5,-2,-3,-1.625,,
SBA,1,20,8,5,6.25,6.207743577198232,6,-2,-3,-1.75,,
SBA,1,21,1,5,3.1875,3.041762462688274,3,2,4,2.1875,,
SBA,1,22,5,7,5.8125,5.604225860936221,6,1,2,0.8125,,
SBA,1,23,3,2,2.75,3.078481784981571,3,0,-1,-0.25,,
SBA,1,24,2,2,2.3125,1.9202379744242717,2,0,0,0.3125,,
SBA,1,25,2,6,4.0625,4.820674149627514,5,3,4,2.0625,,
SBA,1,26,7,5,5.8125,6.5690292391101694,7,0,-2,-1.1875,,
SBA,1,27,7,5,5.8125,6.672205653506504,7,0,-2,-1.1875,,
SBA,1,28,2,4,3.1875,3.8052648424824214,4,2,2,1.1875,,
SBA,1,29,4,6,4.9375,4.645772151063122,5,1,2,0.9375,,
SBA,1,30,6,4,4.9375,5.406619762586711,5,-1,-2,-1.0625,,
SBA,1,31,2,6,4.0625,4.009423272349378,4,2,4,2.0625,,
SBA,1,32,6,5,5.375,5.433729390922811,5,-1,-1,-0.625,,
SBA,1,33,4,1,2.75,2.9821545213845497,3,-1,-3,-1.25,,
SBA,1,34,8,5,6.25,6.138822254772916,6,-2,-3,-1.75,,
SBA,1,35,6,1,3.625,3.6244245455998922,4,-2,-5,-2.375,,
SBA,1,36,2,5,3.625,3.9944828503383016,4,2,3,1.625,,
SBA,1,37,7,1,4.0625,4.5371832258053955,5,-2,-6,-2.9375,,
SBA,1,38,7,8,7.125,7.519979059043067,8,1,1,0.125,,
SBA,1,39,2,2,2.3125,3.5806541694416154,4,2,0,0.3125,,
SBA,1,40,5,2,3.625,4.689644933336496,5,0,-3,-1.375,,
SBA,1,41,7,1,4.0625,4.112857339501472,4,-3,-6,-2.9375,,
SBA,1,42,2,2,2.3125,2.3817367163414676,2,0,0,0.3125,,
SBA,1,43,2,1,1.875,2.090693115568754,2,0,-1,-0.125,,
SBA,1,44,2,6,4.0625,4.387482970277862,4,2,4,2.0625,,
SBA,1,45,1,2,1.875,2.6850452879417324,3,2,1,0.875,,
SBA,1,46,4,2,3.1875,2.8457343055331235,3,-1,-2,-0.8125,,
SBA,1,47,1,8,4.5,4.199522231197467,4,3,7,3.5,,
SBA,1,48,5,3,4.0625,4.00947638383818,4,-1,-2,-0.9375,,
SBA,1,49,4,5,4.5,6.017879722182167,6,2,1,0.5,,
SBA,1,50,2,2,2.3125,2.9820198193299627,3,1,0,0.3125,,
SBA,1,51,3,4,3.625,2.8334000141656595,3,0,1,0.625,,
SBA,1,52,1,4,2.75,2.8146773819606246,3,2,3,1.75,,
SBA,1,53,2,7,4.5,3.585032695168172,4,2,5,2.5,,
SBA,1,54,4,4,4.0625,4.282679794934696,4,0,0,0.0625,,
SBA,1,55,1,4,2.75,2.6598363326133665,3,2,3,1.75,,
SBA,1,56,6,8,6.6875,7.3590336251732085,7,1,2,0.6875,,
SBA,1,57,3,3,3.1875,3.865286876235387,4,1,0,0.1875,,
SBA,1,58,8,6,6.6875,7.552466134679269,8,0,-2,-1.3125,,
SBA,1,59,2,8,4.9375,5.130245201211404,5,3,6,2.9375,,
SBA,1,60,6,5,5.375,5.7227696825395915,6,0,-1,-0.625,,
SBA,1,61,5,6,5.375,5.986029870464557,6,1,1,0.375,,
SBA,1,62,8,5,6.25,6.599709330510003,7,-1,-3,-1.75,,
SBA,1,63,5,6,5.375,4.997941411296163,5,0,1,0.375,,
SBA,1,64,7,3,4.9375,4.500849560430731,5,-2,-4,-2.0625,,
SBA,1,65,4,5,4.5,4.782286927781445,5,1,1,0.5,,
SBA,1,66,2,8,4.9375,4.138344405267593,4,2,6,2.9375,,
SBA,1,67,2,2,2.3125,3.1691213290258045,3,1,0,0.3125,,
SBA,1,68,7,1,4.0625,3.6195618815679182,4,-3,-6,-2.9375,,
SBA,1,69,2,4,3.1875,3.8148954668840225,4,2,2,1.1875,,
SBA,1,70,6,6,5.8125,5.726930143014271,6,0,0,-0.1875,,
SBA,1,71,5,7,5.8125,5.0622106816379,5,0,2,0.8125,,
SBA,1,72,3,1,2.3125,2.455294085124422,2,-1,-2,-0.6875,,
SBA,1,73,4,6,4.9375,4.7929179456615145,5,1,2,0.9375,,
SBA,1,74,7,4,5.375,4.722563153794645,5,-2,-3,-1.625,,
SBA,1,75,4,5,4.5,5.052625624829233,5,1,1,0.5,,
SBA,1,76,7,2,4.5,4.565598067698144,5,-2,-5,-2.5,,
SBA,1,77,8,2,4.9375,4.911996250577598,5,-3,-6,-3.0625,,
SBA,1,78,3,5,4.0625,4.935480221745692,5,2,2,1.0625,,
SBA,1,79,5,5,4.9375,4.202591928790977,4,-1,0,-0.0625,,
SBA,1,80,5,2,3.625,4.407536328047783,4,-1,-3,-1.375,,
SBA,2,1,5,2,3.625,3.9931970138860886,4,-1,-3,-1.375,,
SBA,2,2,1,5,3.1875,3.396879549359163,3,2,4,2.1875,,
SBA,2,3,3,5,4.0625,2.793626454217981,3,0,2,1.0625,,
SBA,2,4,5,1,3.1875,3.45004435328238,3,-2,-4,-1.8125,,
SBA,2,5,8,6,6.6875,6.528396785484014,7,-1,-2,-1.3125,,
SBA,2,6,2,2,2.3125,3.1309917661679556,3,1,0,0.3125,,
SBA,2,7,6,7,6.25,6.219588997468559,6,0,1,0.25,,
SBA,2,8,7,6,6.25,5.5340439172565405,6,-1,-1,-0.75,,
SBA,2,9,8,7,7.125,6.850733932975737,7,-1,-1,-0.875,,
SBA,2,10,2,5,3.625,3.398358109153033,3,1,3,1.625,,
SBA,2,11,6,6,5.8125,5.999301663000258,6,0,0,-0.1875,,
SBA,2,12,3,4,3.625,3.473801864884856,3,0,1,0.625,,
SBA,2,13,4,3,3.625,4.191974670606867,4,0,-1,-0.375,,
SBA,2,14,1,6,3.625,4.007607214909687,4,3,5,2.625,,
SBA,2,15,6,6,5.8125,5.5299673177673645,6,0,0,-0.1875,,
SBA,2,16,1,5,3.1875,4.152804002921797,4,3,4,2.1875,,
SBA,2,17,3,3,3.1875,3.3286140911346234,3,0,0,0.1875,,
SBA,2,18,4,3,3.625,3.1257925535471327,3,-1,-1,-0.375,,
SBA,2,19,6,8,6.6875,6.397532529220312,6,0,2,0.6875,,
SBA,2,20,4,8,5.8125,6.514836355841047,7,3,4,1.8125,,
SBA,2,21,7,7,6.6875,7.347951621813303,7,0,0,-0.3125,,
SBA,2,22,2,3,2.75,3.205007124193666,3,1,1,0.75,,
SBA,2,23,3,4,3.625,3.150961500455486,3,0,1,0.625,,
SBA,2,24,3,1,2.3125,1.9432090535664308,2,-1,-2,-0.6875,,
SBA,2,25,4,5,4.5,4.26582150563593,4,0,1,0.5,,
SBA,2,26,1,2,1.875,2.666867704498282,3,2,1,0.875,,
SBA,2,27,4,8,5.8125,5.812225212178062,6,2,4,1.8125,,
SBA,2,28,4,4,4.0625,4.4065704230935,4,0,0,0.0625,,
SBA,2,29,5,1,3.1875,2.4187500775671813,2,-3,-4,-1.8125,,
SBA,2,30,5,1,3.1875,2.0199693789419326,2,-3,-4,-1.8125,,
SBA,2,31,3,6,4.5,4.4646980184365095,4,1,3,1.5,,
SBA,2,32,4,5,4.5,4.76444668270611,5,1,1,0.5,,
SBA,2,33,5,6,5.375,5.456635343511012,5,0,1,0.375,,
SBA,2,34,7,8,7.125,7.32339227303156,7,0,1,0.125,,
SBA,2,35,1,3,2.3125,2.2198728999082875,2,1,2,1.3125,,
SBA,2,36,5,5,4.9375,5.046419598054793,5,0,0,-0.0625,,
SBA,2,37,1,2,1.875,2.0978742162792776,2,1,1,0.875,,
SBA,2,38,3,2,2.75,2.57393553766213,3,0,-1,-0.25,,
SBA,2,39,4,3,3.625,2.984692695129846,3,-1,-1,-0.375,,
SBA,2,40,7,1,4.0625,3.9152284274624,4,-3,-6,-2.9375,,
SBA,2,41,3,1,2.3125,2.9561493461274693,3,0,-2,-0.6875,,
SBA,2,42,4,5,4.5,3.319382791938244,3,-1,1,0.5,,
SBA,2,43,5,4,4.5,4.178771155552688,4,-1,-1,-0.5,,
SBA,2,44,7,6,6.25,6.248692791066695,6,-1,-1,-0.75,,
SBA,2,45,4,6,4.9375,4.217581324515543,4,0,2,0.9375,,
SBA,2,46,5,6,5.375,6.171192268400905,6,1,1,0.375,,
SBA,2,47,7,3,4.9375,4.844675520360658,5,-2,-4,-2.0625,,
SBA,2,48,4,5,4.5,4.658674574656801,5,1,1,0.5,,
SBA,2,49,8,3,5.375,4.980578934091267,5,-3,-5,-2.625,,
SBA,2,50,4,3,3.625,3.319642121593273,3,-1,-1,-0.375,,
SBA,2,51,4,4,4.0625,4.003688676877476,4,0,0,0.0625,,
SBA,2,52,1,4,2.75,2.5113387059737162,3,2,3,1.75,,
SBA,2,53,5,2,3.625,3.348104126159546,3,-2,-3,-1.375,,
SBA,2,54,4,7,5.375,4.913325160289466,5,1,3,1.375,,
SBA,2,55,4,4,4.0625,4.359521830052168,4,0,0,0.0625,,
SBA,2,56,5,1,3.1875,2.4447921476437156,2,-3,-4,-1.8125,,
SBA,2,57,5,6,5.375,5.958156305548768,6,1,1,0.375,,
SBA,2,58,8,3,5.375,5.55980295430645,6,-2,-5,-2.625,,
SBA,2,59,4,7,5.375,5.256487626794448,5,1,3,1.375,,
SBA,2,60,4,3,3.625,3.921171522353319,4,0,-1,-0.375,,
SBA,2,61,7,7,6.6875,6.021737724114062,6,-1,0,-0.3125,,
SBA,2,62,4,8,5.8125,5.722194919780122,6,2,4,1.8125,,
SBA,2,63,3,5,4.0625,3.5083436479886654,4,1,2,1.0625,,
SBA,2,64,5,5,4.9375,4.900006672692891,5,0,0,-0.0625,,
SBA,2,65,5,2,3.625,3.3000698167881106,3,-2,-3,-1.375,,
SBA,2,66,4,2,3.1875,2.6024676458161045,3,-1,-2,-0.8125,,
SBA,2,67,5,2,3.625,3.095080934062741,3,-2,-3,-1.375,,
SBA,2,68,5,7,5.8125,5.954336096877856,6,1,2,0.8125,,
SBA,2,69,8,7,7.125,6.735954407240997,7,-1,-1,-0.875,,
SBA,2,70,1,3,2.3125,1.6869801215205291,2,1,2,1.3125,,
SBA,2,71,8,7,7.125,7.1694763298004185,7,-1,-1,-0.875,,
SBA,2,72,4,4,4.0625,4.243317303397467,4,0,0,0.0625,,
SBA,2,73,4,2,3.1875,3.106220011465848,3,-1,-2,-0.8125,,
SBA,2,74,5,3,4.0625,3.3955877275638358,3,-2,-2,-0.9375,,
SBA,2,75,1,4,2.75,3.305382992511865,3,2,3,1.75,,
SBA,2,76,6,2,4.0625,4.021759360940705,4,-2,-4,-1.9375,,
SBA,2,77,1,6,3.625,4.321180882883491,4,3,5,2.625,,
SBA,2,78,4,4,4.0625,3.994603712571416,4,0,0,0.0625,,
SBA,2,79,2,6,4.0625,4.514724783911573,5,3,4,2.0625,,
SBA,2,80,3,5,4.0625,3.2188575300164084,3,0,2,1.0625,,
SBA,3,1,4,5,4.5,4.303753606449009,4,0,1,0.5,,
SBA,3,2,1,4,2.75,2.5102995525773464,3,2,3,1.75,,
SBA,3,3,8,5,6.25,7.1177054115250815,7,-1,-3,-1.75,,
SBA,3,4,7,4,5.375,5.075950095563687,5,-2,-3,-1.625,,
SBA,3,5,8,3,5.375,4.7424809503150644,5,-3,-5,-2.625,,
SBA,3,6,1,2,1.875,1.5929180860156862,2,1,1,0.875,,
SBA,3,7,2,7,4.5,4.109632082711611,4,2,5,2.5,,
SBA,3,8,4,7,5.375,5.34628849112332,5,1,3,1.375,,
SBA,3,9,7,7,6.6875,6.175607302840579,6,-1,0,-0.3125,,
SBA,3,10,3,7,4.9375,4.445938098755544,4,1,4,1.9375,,
SBA,3,11,3,3,3.1875,3.547335690982571,4,1,0,0.1875,,
SBA,3,12,7,5,5.8125,4.6686555019674625,5,-2,-2,-1.1875,,
SBA,3,13,1,8,4.5,4.843722920814163,5,4,7,3.5,,
SBA,3,14,8,6,6.6875,7.155382164428851,7,-1,-2,-1.3125,,
SBA,3,15,2,2,2.3125,2.778189998979091,3,1,0,0.3125,,
SBA,3,16,3,8,5.375,4.532844678565604,5,2,5,2.375,,
SBA,3,17,3,5,4.0625,3.3090613309811343,3,0,2,1.0625,,
SBA,3,18,8,2,4.9375,4.857833234982484,5,-3,-6,-3.0625,,
SBA,3,19,7,2,4.5,4.5135199095380845,5,-2,-5,-2.5,,
SBA,3,20,3,2,2.75,1.9516466473815073,2,-1,-1,-0.25,,
SBA,3,21,3,2,2.75,3.289378564101191,3,0,-1,-0.25,,
SBA,3,22,7,2,4.5,5.330278091056704,5,-2,-5,-2.5,,
SBA,3,23,3,8,5.375,5.046062113769002,5,2,5,2.375,,
SBA,3,24,7,5,5.8125,5.6251095229563495,6,-1,-2,-1.1875,,
SBA,3,25,7,6,6.25,7.136172515446498,7,0,-1,-0.75,,
SBA,3,26,6,1,3.625,3.77607933869492,4,-2,-5,-2.375,,
SBA,3,27,6,6,5.8125,5.95631299621174,6,0,0,-0.1875,,
SBA,3,28,2,6,4.0625,4.1449634692890935,4,2,4,2.0625,,
SBA,3,29,5,1,3.1875,2.172380297973187,2,-3,-4,-1.8125,,
SBA,3,30,2,1,1.875,1.3538368438140063,1,-1,-1,-0.125,,
SBA,3,31,1,5,3.1875,3.8366827949345916,4,3,4,2.1875,,
SBA,3,32,4,1,2.75,2.1641000179529097,2,-2,-3,-1.25,,
SBA,3,33,3,3,3.1875,3.7254828569670804,4,1,0,0.1875,,
SBA,3,34,2,8,4.9375,5.2450538719364115,5,3,6,2.9375,,
SBA,3,35,5,8,6.25,5.7976162463968866,6,1,3,1.25,,
SBA,3,36,7,3,4.9375,5.3122477395783285,5,-2,-4,-2.0625,,
SBA,3,37,2,8,4.9375,5.193023397051208,5,3,6,2.9375,,
SBA,3,38,2,5,3.625,4.575382254478759,5,3,3,1.625,,
SBA,3,39,7,5,5.8125,5.888858035614882,6,-1,-2,-1.1875,,
SBA,3,40,1,4,2.75,2.8244897812870993,3,2,3,1.75,,
SBA,3,41,5,7,5.8125,5.251744357243475,5,0,2,0.8125,,
SBA,3,42,5,6,5.375,6.337806296753839,6,1,1,0.375,,
SBA,3,43,4,5,4.5,3.393205822525476,3,-1,1,0.5,,
SBA,3,44,4,8,5.8125,5.872602886403048,6,2,4,1.8125,,
SBA,3,45,1,3,2.3125,2.4950462017976887,2,1,2,1.3125,,
SBA,3,46,7,5,5.8125,6.027205376563669,6,-1,-2,-1.1875,,
SBA,3,47,1,1,1.4375,1.6607915260718042,2,1,0,0.4375,,
SBA,3,48,2,3,2.75,2.710390630872114,3,1,1,0.75,,
SBA,3,49,8,6,6.6875,7.4996224835114225,7,-1,-2,-1.3125,,
SBA,3,50,3,1,2.3125,2.886984321276098,3,0,-2,-0.6875,,
SBA,3,51,4,5,4.5,4.994514861442312,5,1,1,0.5,,
SBA,3,52,6,6,5.8125,7.033906612311022,7,1,0,-0.1875,,
SBA,3,53,5,1,3.1875,2.8397603655593917,3,-2,-4,-1.8125,,
SBA,3,54,8,4,5.8125,5.706170217852554,6,-2,-4,-2.1875,,
SBA,3,55,8,1,4.5,4.591999550287057,5,-3,-7,-3.5,,
SBA,3,56,3,8,5.375,4.697022544086396,5,2,5,2.375,,
SBA,3,57,7,8,7.125,7.728937939230406,8,1,1,0.125,,
SBA,3,58,6,5,5.375,5.163736785855363,5,-1,-1,-0.625,,
SBA,3,59,2,1,1.875,1.9272596002219267,2,0,-1,-0.125,,
SBA,3,60,2,6,4.0625,4.2625595313896,4,2,4,2.0625,,
SBA,3,61,7,7,6.6875,6.679098701131424,7,0,0,-0.3125,,
SBA,3,62,6,6,5.8125,5.32048858922065,5,-1,0,-0.1875,,
SBA,3,63,3,7,4.9375,5.096606105970659,5,2,4,1.9375,,
SBA,3,64,3,5,4.0625,3.4941588912339436,3,0,2,1.0625,,
SBA,3,65,6,8,6.6875,6.701307820284188,7,1,2,0.6875,,
SBA,3,66,2,4,3.1875,2.9781527018463705,3,1,2,1.1875,,
SBA,3,67,4,8,5.8125,6.104209540789114,6,2,4,1.8125,,
SBA,3,68,2,4,3.1875,3.4528743320061186,3,1,2,1.1875,,
SBA,3,69,5,8,6.25,6.10282652614952,6,1,3,1.25,,
SBA,3,70,3,6,4.5,4.8119301197173545,5,2,3,1.5,,
SBA,3,71,6,4,4.9375,5.282549965797556,5,-1,-2,-1.0625,,
SBA,3,72,3,2,2.75,3.075381570551472,3,0,-1,-0.25,,
SBA,3,73,6,8,6.6875,5.9627016962664445,6,0,2,0.6875,,
SBA,3,74,5,2,3.625,2.3401636332134625,2,-3,-3,-1.375,,
SBA,3,75,4,8,5.8125,5.774663994816248,6,2,4,1.8125,,
SBA,3,76,5,8,6.25,5.118466277737518,5,0,3,1.25,,
SBA,3,77,2,6,4.0625,4.213941548386817,4,2,4,2.0625,,
SBA,3,78,6,6,5.8125,5.049404144461104,5,-1,0,-0.1875,,
SBA,3,79,6,5,5.375,5.584152299499218,6,0,-1,-0.625,,
SBA,3,80,3,7,4.9375,4.344747523989853,4,1,4,1.9375,,
SBA,4,1,4,2,3.1875,2.1615323884937707,2,-2,-2,-0.8125,,
SBA,4,2,8,3,5.375,4.3642834916122215,4,-4,-5,-2.625,,
SBA,4,3,2,3,2.75,2.84203987833584,3,1,1,0.75,,
SBA,4,4,5,5,4.9375,3.9002203109185825,4,-1,0,-0.0625,,
SBA,4,5,5,5,4.9375,5.231271840955512,5,0,0,-0.0625,,
SBA,4,6,6,5,5.375,5.475027841661177,5,-1,-1,-0.625,,
SBA,4,7,4,3,3.625,4.3341059683848435,4,0,-1,-0.375,,
SBA,4,8,6,8,6.6875,7.363461198367534,7,1,2,0.6875,,
SBA,4,9,1,3,2.3125,3.044763180607113,3,2,2,1.3125,,
SBA,4,10,2,8,4.9375,4.340681024471774,4,2,6,2.9375,,
SBA,4,11,5,1,3.1875,2.9546084125415932,3,-2,-4,-1.8125,,
SBA,4,12,2,3,2.75,3.1402152423221157,3,1,1,0.75,,
SBA,4,13,1,6,3.625,3.365785887091386,3,2,5,2.625,,
SBA,4,14,4,8,5.8125,5.8738354179493495,6,2,4,1.8125,,
SBA,4,15,6,2,4.0625,3.38250643750658,3,-3,-4,-1.9375,,
SBA,4,16,5,3,4.0625,4.310836360115323,4,-1,-2,-0.9375,,
SBA,4,17,8,8,7.5625,7.572813379328633,8,0,0,-0.4375,,
SBA,4,18,3,5,4.0625,3.509363915196332,4,1,2,1.0625,,
SBA,4,19,4,6,4.9375,5.587465051614564,6,2,2,0.9375,,
SBA,4,20,2,8,4.9375,4.350392592256109,4,2,6,2.9375,,
SBA,4,21,3,8,5.375,5.661150943925641,6,3,5,2.375,,
SBA,4,22,5,4,4.5,5.0685381072793625,5,0,-1,-0.5,,
SBA,4,23,5,5,4.9375,4.916898200330077,5,0,0,-0.0625,,
SBA,4,24,6,6,5.8125,5.769430413626661,6,0,0,-0.1875,,
SBA,4,25,3,7,4.9375,5.4609951389043845,5,2,4,1.9375,,
SBA,4,26,2,8,4.9375,5.623734524639259,6,4,6,2.9375,,
SBA,4,27,4,2,3.1875,3.1442492350728424,3,-1,-2,-0.8125,,
SBA,4,28,2,6,4.0625,3.732554779412332,4,2,4,2.0625,,
SBA,4,29,2,3,2.75,2.1658766543073713,2,0,1,0.75,,
SBA,4,30,8,6,6.6875,6.335256039295582,6,-2,-2,-1.3125,,
SBA,4,31,3,2,2.75,3.5323061342753137,4,1,-1,-0.25,,
SBA,4,32,6,7,6.25,5.333836996066585,5,-1,1,0.25,,
SBA,4,33,3,7,4.9375,4.576128015906948,5,2,4,1.9375,,
SBA,4,34,1,7,4.0625,3.3423067161859006,3,2,6,3.0625,,
SBA,4,35,1,7,4.0625,3.562772430199557,4,3,6,3.0625,,
SBA,4,36,8,8,7.5625,7.598052120957669,8,0,0,-0.4375,,
SBA,4,37,3,2,2.75,2.6936395355143867,3,0,-1,-0.25,,
SBA,4,38,1,6,3.625,3.3970326766067815,3,2,5,2.625,,
SBA,4,39,4,5,4.5,4.521386978070064,5,1,1,0.5,,
SBA,4,40,3,3,3.1875,3.2764105614032815,3,0,0,0.1875,,
SBA,4,41,6,6,5.8125,5.002163481278453,5,-1,0,-0.1875,,
SBA,4,42,8,1,4.5,4.5508738192760525,5,-3,-7,-3.5,,
SBA,4,43,8,4,5.8125,5.401010171067824,5,-3,-4,-2.1875,,
SBA,4,44,1,1,1.4375,1.0898328734115164,1,0,0,0.4375,,
SBA,4,45,1,3,2.3125,1.9998204176873418,2,1,2,1.3125,,
SBA,4,46,7,8,7.125,6.463889194585452,6,-1,1,0.125,,
SBA,4,47,2,7,4.5,3.5528772341130477,4,2,5,2.5,,
SBA,4,48,2,7,4.5,4.41470575101501,4,2,5,2.5,,
SBA,4,49,8,8,7.5625,7.772655110935118,8,0,0,-0.4375,,
SBA,4,50,2,5,3.625,3.354642221807387,3,1,3,1.625,,
SBA,4,51,7,8,7.125,6.415142791833191,6,-1,1,0.125,,
SBA,4,52,7,8,7.125,7.282327568394757,7,0,1,0.125,,
SBA,4,53,2,5,3.625,4.2269297678226,4,2,3,1.625,,
SBA,4,54,8,7,7.125,7.0553551253413165,7,-1,-1,-0.875,,
SBA,4,55,6,3,4.5,5.356807684629321,5,-1,-3,-1.5,,
SBA,4,56,4,3,3.625,3.4495738671763143,3,-1,-1,-0.375,,
SBA,4,57,4,8,5.8125,5.930976315752966,6,2,4,1.8125,,
SBA,4,58,1,7,4.0625,3.984615931999898,4,3,6,3.0625,,
SBA,4,59,7,6,6.25,6.63257354479919,7,0,-1,-0.75,,
SBA,4,60,3,2,2.75,2.971338116597272,3,0,-1,-0.25,,
SBA,4,61,3,2,2.75,3.2024726237991943,3,0,-1,-0.25,,
SBA,4,62,1,8,4.5,4.5720107070214935,5,4,7,3.5,,
SBA,4,63,3,7,4.9375,5.390064059677373,5,2,4,1.9375,,
SBA,4,64,3,3,3.1875,3.645059120885077,4,1,0,0.1875,,
SBA,4,65,1,2,1.875,1.770358663814997,2,1,1,0.875,,
SBA,4,66,6,3,4.5,4.278284136094181,4,-2,-3,-1.5,,
SBA,4,67,2,1,1.875,0.9117118869059765,1,-1,-1,-0.125,,
SBA,4,68,3,2,2.75,3.3133499815387117,3,0,-1,-0.25,,
SBA,4,69,4,4,4.0625,4.198700599270466,4,0,0,0.0625,,
SBA,4,70,6,5,5.375,4.919361266709253,5,-1,-1,-0.625,,
SBA,4,71,2,7,4.5,4.775840728858471,5,3,5,2.5,,
SBA,4,72,8,8,7.5625,8.429177350320762,8,0,0,-0.4375,,
SBA,4,73,5,3,4.0625,4.356779844619813,4,-1,-2,-0.9375,,
SBA,4,74,4,5,4.5,4.859512161568627,5,1,1,0.5,,
SBA,4,75,6,6,5.8125,6.360362961317742,6,0,0,-0.1875,,
SBA,4,76,2,1,1.875,2.099140182054842,2,0,-1,-0.125,,
SBA,4,77,3,4,3.625,4.18337842517338,4,1,1,0.625,,
SBA,4,78,8,1,4.5,4.2143191379303,4,-4,-7,-3.5,,
SBA,4,79,6,2,4.0625,3.972527907498437,4,-2,-4,-1.9375,,
SBA,4,80,8,5,6.25,5.489018980612668,5,-3,-3,-1.75,,
SBA,5,1,6,1,3.625,3.465168987265252,3,-3,-5,-2.375,,
SBA,5,2,2,8,4.9375,4.844379884513265,5,3,6,2.9375,,
SBA,5,3,7,7,6.6875,6.46702944911924,6,-1,0,-0.3125,,
SBA,5,4,8,5,6.25,6.1079662621275075,6,-2,-3,-1.75,,
SBA,5,5,1,3,2.3125,1.4587897903739693,1,0,2,1.3125,,
SBA,5,6,3,6,4.5,4.469161686614761,4,1,3,1.5,,
SBA,5,7,7,6,6.25,6.756304048227084,7,0,-1,-0.75,,
SBA,5,8,2,7,4.5,4.9483866837592485,5,3,5,2.5,,
SBA,5,9,8,8,7.5625,7.517215359486707,8,0,0,-0.4375,,
SBA,5,10,1,2,1.875,2.2431279897135052,2,1,1,0.875,,
SBA,5,11,1,1,1.4375,1.3286271806087948,1,0,0,0.4375,,
SBA,5,12,7,4,5.375,5.681641609361684,6,-1,-3,-1.625,,
SBA,5,13,1,1,1.4375,1.6529039289572505,2,1,0,0.4375,,
SBA,5,14,1,1,1.4375,1.3895740965882148,1,0,0,0.4375,,
SBA,5,15,6,4,4.9375,4.030490775995936,4,-2,-2,-1.0625,,
SBA,5,16,7,4,5.375,4.296052827311682,4,-3,-3,-1.625,,
SBA,5,17,8,6,6.6875,6.965243822242887,7,-1,-2,-1.3125,,
SBA,5,18,2,7,4.5,4.006148285450819,4,2,5,2.5,,
SBA,5,19,7,8,7.125,7.486203455545948,7,0,1,0.125,,
SBA,5,20,4,7,5.375,6.372498764706909,6,2,3,1.375,,
SBA,5,21,7,8,7.125,7.512990316663462,8,1,1,0.125,,
SBA,5,22,2,3,2.75,2.6393158217411496,3,1,1,0.75,,
SBA,5,23,6,7,6.25,6.738775139293111,7,1,1,0.25,,
SBA,5,24,6,6,5.8125,6.603348440474988,7,1,0,-0.1875,,
SBA,5,25,4,8,5.8125,5.79567856823935,6,2,4,1.8125,,
SBA,5,26,4,6,4.9375,5.545891990920314,6,2,2,0.9375,,
SBA,5,27,2,1,1.875,2.005187679083681,2,0,-1,-0.125,,
SBA,5,28,4,4,4.0625,4.302626874337006,4,0,0,0.0625,,
SBA,5,29,5,2,3.625,3.0935271998332694,3,-2,-3,-1.375,,
SBA,5,30,7,1,4.0625,3.9408897683333715,4,-3,-6,-2.9375,,
SBA,5,31,5,7,5.8125,5.419190802722924,5,0,2,0.8125,,
SBA,5,32,4,8,5.8125,5.6649812515444875,6,2,4,1.8125,,
SBA,5,33,6,3,4.5,4.158030293228465,4,-2,-3,-1.5,,
SBA,5,34,6,5,5.375,5.749679595136841,6,0,-1,-0.625,,
SBA,5,35,8,7,7.125,6.591506597739773,7,-1,-1,-0.875,,
SBA,5,36,7,2,4.5,4.14138242533841,4,-3,-5,-2.5,,
SBA,5,37,1,1,1.4375,1.5786309297970902,2,1,0,0.4375,,
SBA,5,38,5,6,5.375,5.19869133385282,5,0,1,0.375,,
SBA,5,39,6,2,4.0625,3.7519336725447436,4,-2,-4,-1.9375,,
SBA,5,40,8,7,7.125,7.726447171602106,8,0,-1,-0.875,,
SBA,5,41,7,8,7.125,6.975348289477759,7,0,1,0.125,,
SBA,5,42,5,1,3.1875,3.893713700379871,4,-1,-4,-1.8125,,
SBA,5,43,1,5,3.1875,2.6695679846171925,3,2,4,2.1875,,
SBA,5,44,2,4,3.1875,1.7417662765521,2,0,2,1.1875,,
SBA,5,45,7,5,5.8125,5.842516387181711,6,-1,-2,-1.1875,,
SBA,5,46,5,8,6.25,6.309150437852729,6,1,3,1.25,,
SBA,5,47,6,7,6.25,7.006090587178728,7,1,1,0.25,,
SBA,5,48,2,5,3.625,3.131123382066996,3,1,3,1.625,,
SBA,5,49,7,8,7.125,7.211471808608554,7,0,1,0.125,,
SBA,5,50,1,7,4.0625,3.5223119464478305,4,3,6,3.0625,,
SBA,5,51,8,7,7.125,7.316144107066985,7,-1,-1,-0.875,,
SBA,5,52,7,2,4.5,4.987791254109651,5,-2,-5,-2.5,,
SBA,5,53,6,8,6.6875,6.804250902209497,7,1,2,0.6875,,
SBA,5,54,3,3,3.1875,2.7991087658894225,3,0,0,0.1875,,
SBA,5,55,7,6,6.25,6.400600684360322,6,-1,-1,-0.75,,
SBA,5,56,3,8,5.375,6.102151208888899,6,3,5,2.375,,
SBA,5,57,7,8,7.125,7.56572058820979,8,1,1,0.125,,
SBA,5,58,8,1,4.5,4.208699732902248,4,-4,-7,-3.5,,
SBA,5,59,7,5,5.8125,5.166071460835539,5,-2,-2,-1.1875,,
SBA,5,60,4,8,5.8125,5.828629272985422,6,2,4,1.8125,,
SBA,5,61,8,5,6.25,6.667799664182359,7,-1,-3,-1.75,,
SBA,5,62,4,1,2.75,2.878042563646014,3,-1,-3,-1.25,,
SBA,5,63,7,5,5.8125,5.419755815344082,5,-2,-2,-1.1875,,
SBA,5,64,8,5,6.25,5.820137281056974,6,-2,-3,-1.75,,
SBA,5,65,4,6,4.9375,5.280928914509336,5,1,2,0.9375,,
SBA,5,66,7,1,4.0625,4.012011939758798,4,-3,-6,-2.9375,,
SBA,5,67,8,2,4.9375,4.327106465088594,4,-4,-6,-3.0625,,
SBA,5,68,7,8,7.125,6.733201238611647,7,0,1,0.125,,
SBA,5,69,2,4,3.1875,3.4481465977804584,3,1,2,1.1875,,
SBA,5,70,4,5,4.5,4.702715091150442,5,1,1,0.5,,
SBA,5,71,4,2,3.1875,2.94575427855699,3,-1,-2,-0.8125,,
SBA,5,72,2,5,3.625,3.8699640538041575,4,2,3,1.625,,
SBA,5,73,2,3,2.75,2.586670769024848,3,1,1,0.75,,
SBA,5,74,1,4,2.75,2.151296556229186,2,1,3,1.75,,
SBA,5,75,6,4,4.9375,5.387811710750084,5,-1,-2,-1.0625,,
SBA,5,76,1,6,3.625,3.4827610871749966,3,2,5,2.625,,
SBA,5,77,2,1,1.875,1.6494438004535703,2,0,-1,-0.125,,
SBA,5,78,2,6,4.0625,4.9930913695675,5,3,4,2.0625,,
SBA,5,79,5,8,6.25,6.858205223506667,7,2,3,1.25,,
SBA,5,80,3,5,4.0625,4.226161656586339,4,1,2,1.0625,,
SBA,6,1,4,2,3.1875,2.4939149039066724,2,-2,-2,-0.8125,,
SBA,6,2,7,4,5.375,5.791067611623666,6,-1,-3,-1.625,,
SBA,6,3,3,7,4.9375,4.93076000973602,5,2,4,1.9375,,
SBA,6,4,2,2,2.3125,2.033449919743987,2,0,0,0.3125,,
SBA,6,5,1,7,4.0625,3.140482828997695,3,2,6,3.0625,,
SBA,6,6,4,5,4.5,5.399902845486335,5,1,1,0.5,,
SBA,6,7,7,2,4.5,3.8348953825095453,4,-3,-5,-2.5,,
SBA,6,8,4,8,5.8125,6.524292989538987,7,3,4,1.8125,,
SBA,6,9,3,2,2.75,2.812618746986638,3,0,-1,-0.25,,
SBA,6,10,3,3,3.1875,2.660920049141305,3,0,0,0.1875,,
SBA,6,11,1,6,3.625,3.92332843391257,4,3,5,2.625,,
SBA,6,12,2,4,3.1875,2.771692479492714,3,1,2,1.1875,,
SBA,6,13,1,4,2.75,2.3139756805836678,2,1,3,1.75,,
SBA,6,14,3,1,2.3125,2.2375407726837686,2,-1,-2,-0.6875,,
SBA,6,15,8,2,4.9375,4.7543499344416045,5,-3,-6,-3.0625,,
SBA,6,16,7,1,4.0625,3.586252042514164,4,-3,-6,-2.9375,,
SBA,6,17,7,1,4.0625,4.094689980595747,4,-3,-6,-2.9375,,
SBA,6,18,8,2,4.9375,5.185627333737193,5,-3,-6,-3.0625,,
SBA,6,19,3,7,4.9375,5.441297278421141,5,2,4,1.9375,,
SBA,6,20,3,6,4.5,4.04510215265672,4,1,3,1.5,,
SBA,6,21,1,1,1.4375,1.2983019522555153,1,0,0,0.4375,,
SBA,6,22,4,3,3.625,2.96106456902493,3,-1,-1,-0.375,,
SBA,6,23,5,8,6.25,6.868999101281635,7,2,3,1.25,,
SBA,6,24,3,8,5.375,5.984439769768287,6,3,5,2.375,,
SBA,6,25,6,7,6.25,6.057865808712074,6,0,1,0.25,,
SBA,6,26,3,4,3.625,4.377690835249872,4,1,1,0.625,,
SBA,6,27,4,6,4.9375,4.644203625762448,5,1,2,0.9375,,
SBA,6,28,6,5,5.375,5.02922023514993,5,-1,-1,-0.625,,
SBA,6,29,6,4,4.9375,4.634347085743547,5,-1,-2,-1.0625,,
SBA,6,30,6,5,5.375,5.355584601673213,5,-1,-1,-0.625,,
SBA,6,31,6,4,4.9375,5.073874666074247,5,-1,-2,-1.0625,,
SBA,6,32,3,4,3.625,3.449296425464566,3,0,1,0.625,,
SBA,6,33,2,2,2.3125,2.57356414944877,3,1,0,0.3125,,
SBA,6,34,2,4,3.1875,3.427881030715382,3,1,2,1.1875,,
SBA,6,35,3,5,4.0625,4.847221527265016,5,2,2,1.0625,,
SBA,6,36,6,4,4.9375,4.591606503471652,5,-1,-2,-1.0625,,
SBA,6,37,7,2,4.5,4.95855999076922,5,-2,-5,-2.5,,
SBA,6,38,4,8,5.8125,5.805433678783714,6,2,4,1.8125,,
SBA,6,39,1,3,2.3125,2.7292756680566006,3,2,2,1.3125,,
SBA,6,40,8,1,4.5,4.815472082086974,5,-3,-7,-3.5,,
SBA,6,41,7,4,5.375,4.379545671843136,4,-3,-3,-1.625,,
SBA,6,42,4,8,5.8125,6.060019728588919,6,2,4,1.8125,,
SBA,6,43,5,6,5.375,4.730156102255261,5,0,1,0.375,,
SBA,6,44,1,3,2.3125,2.6665095179721154,3,2,2,1.3125,,
SBA,6,45,4,8,5.8125,6.034834413597189,6,2,4,1.8125,,
SBA,6,46,6,7,6.25,6.209677573107427,6,0,1,0.25,,
SBA,6,47,6,8,6.6875,7.07625824515178,7,1,2,0.6875,,
SBA,6,48,8,2,4.9375,5.232403975217875,5,-3,-6,-3.0625,,
SBA,6,49,5,4,4.5,5.158758944834631,5,0,-1,-0.5,,
SBA,6,50,4,4,4.0625,3.467298037377653,3,-1,0,0.0625,,
SBA,6,51,5,8,6.25,6.692499014805855,7,2,3,1.25,,
SBA,6,52,8,6,6.6875,6.415877711792273,6,-2,-2,-1.3125,,
SBA,6,53,1,2,1.875,1.9250099616938934,2,1,1,0.875,,
SBA,6,54,2,8,4.9375,4.836085299954098,5,3,6,2.9375,,
SBA,6,55,7,3,4.9375,4.926793510338839,5,-2,-4,-2.0625,,
SBA,6,56,2,4,3.1875,3.4432076424425357,3,1,2,1.1875,,
SBA,6,57,6,3,4.5,4.4449017441297825,4,-2,-3,-1.5,,
SBA,6,58,3,5,4.0625,3.419735629411752,3,0,2,1.0625,,
SBA,6,59,7,2,4.5,5.573992707789325,6,-1,-5,-2.5,,
SBA,6,60,4,3,3.625,3.7316435872928198,4,0,-1,-0.375,,
SBA,6,61,2,8,4.9375,4.86374588465076,5,3,6,2.9375,,
SBA,6,62,8,2,4.9375,5.477998678796937,5,-3,-6,-3.0625,,
SBA,6,63,1,3,2.3125,2.197931929434713,2,1,2,1.3125,,
SBA,6,64,8,8,7.5625,7.327342198986142,7,-1,0,-0.4375,,
SBA,6,65,1,4,2.75,3.6737658721166544,4,3,3,1.75,,
SBA,6,66,5,8,6.25,6.145390075903253,6,1,3,1.25,,
SBA,6,67,8,5,6.25,7.133424258852731,7,-1,-3,-1.75,,
SBA,6,68,6,8,6.6875,7.849813661906795,8,2,2,0.6875,,
SBA,6,69,2,7,4.5,3.907582436617292,4,2,5,2.5,,
SBA,6,70,6,8,6.6875,5.957663910520482,6,0,2,0.6875,,
SBA,6,71,2,6,4.0625,4.0692345070027605,4,2,4,2.0625,,
SBA,6,72,7,8,7.125,7.719532312197737,8,1,1,0.125,,
SBA,6,73,1,7,4.0625,3.7446855530258905,4,3,6,3.0625,,
SBA,6,74,1,5,3.1875,2.9501751341709683,3,2,4,2.1875,,
SBA,6,75,6,1,3.625,2.951043544350721,3,-3,-5,-2.375,,
SBA,6,76,5,3,4.0625,4.738178699284431,5,0,-2,-0.9375,,
SBA,6,77,6,4,4.9375,4.56102584827793,5,-1,-2,-1.0625,,
SBA,6,78,7,4,5.375,4.929541378889742,5,-2,-3,-1.625,,
SBA,6,79,1,6,3.625,4.116975211402073,4,3,5,2.625,,
SBA,6,80,7,3,4.9375,5.325800180494023,5,-2,-4,-2.0625,,
SBA,7,1,4,7,5.375,5.4663842839470735,5,1,3,1.375,,
SBA,7,2,7,3,4.9375,4.444728128060261,4,-3,-4,-2.0625,,
SBA,7,3,2,5,3.625,3.4876761252172814,3,1,3,1.625,,
SBA,7,4,8,7,7.125,6.830801147457003,7,-1,-1,-0.875,,
SBA,7,5,4,2,3.1875,3.079474251603612,3,-1,-2,-0.8125,,
SBA,7,6,1,8,4.5,5.09530469933097,5,4,7,3.5,,
SBA,7,7,6,5,5.375,5.636684849226644,6,0,-1,-0.625,,
SBA,7,8,1,5,3.1875,2.5824302198839533,3,2,4,2.1875,,
SBA,7,9,5,3,4.0625,3.35509773029844,3,-2,-2,-0.9375,,
SBA,7,10,2,6,4.0625,4.250819262084673,4,2,4,2.0625,,
SBA,7,11,2,2,2.3125,2.6079308740415934,3,1,0,0.3125,,
SBA,7,12,5,3,4.0625,3.738645259118199,4,-1,-2,-0.9375,,
SBA,7,13,5,1,3.1875,2.7058873809512365,3,-2,-4,-1.8125,,
SBA,7,14,4,8,5.8125,4.997590632162993,5,1,4,1.8125,,
SBA,7,15,3,2,2.75,3.149992189416798,3,0,-1,-0.25,,
SBA,7,16,1,5,3.1875,3.4692243812918826,3,2,4,2.1875,,
SBA,7,17,3,6,4.5,4.7507982262043145,5,2,3,1.5,,
SBA,7,18,3,6,4.5,4.804898768659897,5,2,3,1.5,,
SBA,7,19,8,5,6.25,6.022548303976108,6,-2,-3,-1.75,,
SBA,7,20,4,7,5.375,5.440731558018675,5,1,3,1.375,,
SBA,7,21,5,3,4.0625,3.807274706313842,4,-1,-2,-0.9375,,
SBA,7,22,5,3,4.0625,3.830711840313988,4,-1,-2,-0.9375,,
SBA,7,23,8,5,6.25,5.177388626744306,5,-3,-3,-1.75,,
SBA,7,24,7,2,4.5,4.461411335470554,4,-3,-5,-2.5,,
SBA,7,25,5,7,5.8125,6.059327514206809,6,1,2,0.8125,,
SBA,7,26,4,5,4.5,4.893094971786653,5,1,1,0.5,,
SBA,7,27,8,7,7.125,6.605618942009622,7,-1,-1,-0.875,,
SBA,7,28,7,7,6.6875,7.504588803897783,8,1,0,-0.3125,,
SBA,7,29,6,6,5.8125,6.475388626874013,6,0,0,-0.1875,,
SBA,7,30,5,7,5.8125,5.435631697335778,5,0,2,0.8125,,
SBA,7,31,1,3,2.3125,1.9915731637687588,2,1,2,1.3125,,
SBA,7,32,3,1,2.3125,2.707030715144249,3,0,-2,-0.6875,,
SBA,7,33,6,3,4.5,4.468692563770028,4,-2,-3,-1.5,,
SBA,7,34,7,7,6.6875,6.451295423840536,6,-1,0,-0.3125,,
SBA,7,35,6,7,6.25,5.970628273571844,6,0,1,0.25,,
SBA,7,36,2,3,2.75,2.6394341218539044,3,1,1,0.75,,
SBA,7,37,2,6,4.0625,4.6928589243502286,5,3,4,2.0625,,
SBA,7,38,8,1,4.5,4.284052301747571,4,-4,-7,-3.5,,
SBA,7,39,3,5,4.0625,4.013233545739997,4,1,2,1.0625,,
SBA,7,40,6,3,4.5,5.005594430629797,5,-1,-3,-1.5,,
SBA,7,41,2,4,3.1875,3.9145221033388906,4,2,2,1.1875,,
SBA,7,42,8,1,4.5,4.370365889430796,4,-4,-7,-3.5,,
SBA,7,43,3,2,2.75,2.4586001794344496,2,-1,-1,-0.25,,
SBA,7,44,2,3,2.75,2.9160562659412563,3,1,1,0.75,,
SBA,7,45,3,2,2.75,3.0804939225442043,3,0,-1,-0.25,,
SBA,7,46,2,4,3.1875,2.7448772754627435,3,1,2,1.1875,,
SBA,7,47,1,7,4.0625,5.337243308523286,5,4,6,3.0625,,
SBA,7,48,4,8,5.8125,5.5187567288247195,6,2,4,1.8125,,
SBA,7,49,5,8,6.25,6.715464058647316,7,2,3,1.25,,
SBA,7,50,2,7,4.5,4.146133138934812,4,2,5,2.5,,
SBA,7,51,4,6,4.9375,5.402069097225065,5,1,2,0.9375,,
SBA,7,52,1,7,4.0625,5.062731187585899,5,4,6,3.0625,,
SBA,7,53,5,1,3.1875,2.9896904421020474,3,-2,-4,-1.8125,,
SBA,7,54,3,1,2.3125,1.460699995529425,1,-2,-2,-0.6875,,
SBA,7,55,6,4,4.9375,5.23326732920119,5,-1,-2,-1.0625,,
SBA,7,56,7,4,5.375,5.418394735648747,5,-2,-3,-1.625,,
SBA,7,57,2,3,2.75,1.9421717345929062,2,0,1,0.75,,
SBA,7,58,8,3,5.375,6.243098965003182,6,-2,-5,-2.625,,
SBA,7,59,7,4,5.375,5.155203682549316,5,-2,-3,-1.625,,
SBA,7,60,2,8,4.9375,4.343597398022405,4,2,6,2.9375,,
SBA,7,61,4,4,4.0625,4.985014717104289,5,1,0,0.0625,,
SBA,7,62,8,8,7.5625,7.693274150741782,8,0,0,-0.4375,,
SBA,7,63,8,2,4.9375,5.203766884019567,5,-3,-6,-3.0625,,
SBA,7,64,1,8,4.5,4.758354611670089,5,4,7,3.5,,
SBA,7,65,8,6,6.6875,7.758899814003547,8,0,-2,-1.3125,,
SBA,7,66,1,7,4.0625,4.164206818095322,4,3,6,3.0625,,
SBA,7,67,3,3,3.1875,2.6466903899807157,3,0,0,0.1875,,
SBA,7,68,6,6,5.8125,4.470119320549133,4,-2,0,-0.1875,,
SBA,7,69,7,6,6.25,5.99081967878343,6,-1,-1,-0.75,,
SBA,7,70,1,6,3.625,4.426578307393159,4,3,5,2.625,,
SBA,7,71,8,6,6.6875,6.36237316378491,6,-2,-2,-1.3125,,
SBA,7,72,8,5,6.25,5.956398181792398,6,-2,-3,-1.75,,
SBA,7,73,4,8,5.8125,6.555174775249922,7,3,4,1.8125,,
SBA,7,74,3,5,4.0625,4.348180285210999,4,1,2,1.0625,,
SBA,7,75,1,6,3.625,3.36495469642803,3,2,5,2.625,,
SBA,7,76,2,4,3.1875,3.3648437577863195,3,1,2,1.1875,,
SBA,7,77,1,1,1.4375,1.4638515119646884,1,0,0,0.4375,,
SBA,7,78,7,5,5.8125,6.062098679114579,6,-1,-2,-1.1875,,
SBA,7,79,4,7,5.375,5.429586522743179,5,1,3,1.375,,
SBA,7,80,4,2,3.1875,3.327150641509399,3,-1,-2,-0.8125,,
SBA,8,1,3,7,4.9375,4.34201381115,4,1,4,1.9375,,
SBA,8,2,8,2,4.9375,5.3460677629057844,5,-3,-6,-3.0625,,
SBA,8,3,5,2,3.625,3.898362693448503,4,-1,-3,-1.375,,
SBA,8,4,4,2,3.1875,3.503903659058047,4,0,-2,-0.8125,,
SBA,8,5,4,8,5.8125,6.141216385302478,6,2,4,1.8125,,
SBA,8,6,1,3,2.3125,2.304160968114992,2,1,2,1.3125,,
SBA,8,7,2,8,4.9375,4.797928345422376,5,3,6,2.9375,,
SBA,8,8,2,4,3.1875,1.613027698561473,2,0,2,1.1875,,
SBA,8,9,4,4,4.0625,4.137609305061123,4,0,0,0.0625,,
SBA,8,10,1,4,2.75,1.2700211784019133,1,0,3,1.75,,
SBA,8,11,8,3,5.375,5.563221773384446,6,-2,-5,-2.625,,
SBA,8,12,2,8,4.9375,5.299996419644144,5,3,6,2.9375,,
SBA,8,13,5,6,5.375,5.716779059751368,6,1,1,0.375,,
SBA,8,14,3,2,2.75,2.65797623547239,3,0,-1,-0.25,,
SBA,8,15,1,8,4.5,4.9313864320092105,5,4,7,3.5,,
SBA,8,16,1,4,2.75,3.434817197770203,3,2,3,1.75,,
SBA,8,17,4,1,2.75,2.6289251522262833,3,-1,-3,-1.25,,
SBA,8,18,8,3,5.375,5.323634130290319,5,-3,-5,-2.625,,
SBA,8,19,6,8,6.6875,7.328013211897879,7,1,2,0.6875,,
SBA,8,20,6,8,6.6875,6.7894146367950565,7,1,2,0.6875,,
SBA,8,21,6,3,4.5,5.690717454968464,6,0,-3,-1.5,,
SBA,8,22,4,5,4.5,4.378860280746275,4,0,1,0.5,,
SBA,8,23,6,5,5.375,5.556572830945604,6,0,-1,-0.625,,
SBA,8,24,8,5,6.25,5.819110148172406,6,-2,-3,-1.75,,
SBA,8,25,5,6,5.375,5.523778122823813,6,1,1,0.375,,
SBA,8,26,5,8,6.25,6.017645055291363,6,1,3,1.25,,
SBA,8,27,2,3,2.75,1.9417473484394872,2,0,1,0.75,,
SBA,8,28,6,6,5.8125,4.855520393390241,5,-1,0,-0.1875,,
SBA,8,29,1,2,1.875,2.067274094416323,2,1,1,0.875,,
SBA,8,30,6,5,5.375,4.959675273773288,5,-1,-1,-0.625,,
SBA,8,31,8,5,6.25,6.195417571650367,6,-2,-3,-1.75,,
SBA,8,32,4,3,3.625,3.590383293179756,4,0,-1,-0.375,,
SBA,8,33,5,4,4.5,4.282055962721399,4,-1,-1,-0.5,,
SBA,8,34,3,7,4.9375,5.7832633131641344,6,3,4,1.9375,,
SBA,8,35,7,6,6.25,6.1352844848834245,6,-1,-1,-0.75,,
SBA,8,36,8,4,5.8125,5.519991883504117,6,-2,-4,-2.1875,,
SBA,8,37,2,3,2.75,2.2545032186170686,2,0,1,0.75,,
SBA,8,38,3,7,4.9375,5.3573849264686375,5,2,4,1.9375,,
SBA,8,39,3,4,3.625,3.415921348007292,3,0,1,0.625,,
SBA,8,40,4,2,3.1875,3.8028053219056708,4,0,-2,-0.8125,,
SBA,8,41,1,1,1.4375,1.702263663989986,2,1,0,0.4375,,
SBA,8,42,3,1,2.3125,2.072704020932139,2,-1,-2,-0.6875,,
SBA,8,43,4,4,4.0625,4.282369740116456,4,0,0,0.0625,,
SBA,8,44,5,3,4.0625,4.336294258286091,4,-1,-2,-0.9375,,
SBA,8,45,7,8,7.125,6.710834836936468,7,0,1,0.125,,
SBA,8,46,5,6,5.375,5.498349131942154,5,0,1,0.375,,
SBA,8,47,1,6,3.625,3.8049798563187167,4,3,5,2.625,,
SBA,8,48,4,8,5.8125,5.857324006824097,6,2,4,1.8125,,
SBA,8,49,4,1,2.75,3.060673327243749,3,-1,-3,-1.25,,
SBA,8,50,3,2,2.75,2.6847414311583067,3,0,-1,-0.25,,
SBA,8,51,3,5,4.0625,4.859785511070433,5,2,2,1.0625,,
SBA,8,52,5,7,5.8125,7.092247969232149,7,2,2,0.8125,,
SBA,8,53,4,3,3.625,3.429830962532148,3,-1,-1,-0.375,,
SBA,8,54,4,5,4.5,3.552148436061314,4,0,1,0.5,,
SBA,8,55,8,4,5.8125,6.012137867074669,6,-2,-4,-2.1875,,
SBA,8,56,7,4,5.375,5.611280300203028,6,-1,-3,-1.625,,
SBA,8,57,2,8,4.9375,5.024812834554441,5,3,6,2.9375,,
SBA,8,58,2,8,4.9375,4.319376824503252,4,2,6,2.9375,,
SBA,8,59,3,6,4.5,4.696208564788252,5,2,3,1.5,,
SBA,8,60,6,5,5.375,5.812803422800486,6,0,-1,-0.625,,
SBA,8,61,2,5,3.625,3.2232901195804744,3,1,3,1.625,,
SBA,8,62,2,5,3.625,4.554301698001557,5,3,3,1.625,,
SBA,8,63,8,2,4.9375,4.5331344872335055,5,-3,-6,-3.0625,,
SBA,8,64,8,1,4.5,4.903596569622366,5,-3,-7,-3.5,,
SBA,8,65,6,3,4.5,4.443557973995191,4,-2,-3,-1.5,,
SBA,8,66,4,5,4.5,3.7871291692415765,4,0,1,0.5,,
SBA,8,67,6,4,4.9375,4.9536101105081665,5,-1,-2,-1.0625,,
SBA,8,68,3,7,4.9375,4.896016666464655,5,2,4,1.9375,,
SBA,8,69,1,4,2.75,4.09684898992945,4,3,3,1.75,,
SBA,8,70,8,5,6.25,6.813876434255049,7,-1,-3,-1.75,,
SBA,8,71,8,5,6.25,7.22622014771589,7,-1,-3,-1.75,,
SBA,8,72,1,7,4.0625,4.836481507333614,5,4,6,3.0625,,
SBA,8,73,5,6,5.375,5.4216063632055365,5,0,1,0.375,,
SBA,8,74,8,5,6.25,5.964712650169473,6,-2,-3,-1.75,,
SBA,8,75,7,6,6.25,7.179286639021174,7,0,-1,-0.75,,
SBA,8,76,8,6,6.6875,6.158570129251163,6,-2,-2,-1.3125,,
SBA,8,77,7,1,4.0625,4.10741879532554,4,-3,-6,-2.9375,,
SBA,8,78,6,3,4.5,4.228829604284787,4,-2,-3,-1.5,,
SBA,8,79,5,8,6.25,6.627826290012667,7,2,3,1.25,,
SBA,8,80,5,2,3.625,4.647042504521932,5,0,-3,-1.375,,
SBA,9,1,1,2,1.875,1.7947299798330423,2,1,1,0.875,,
SBA,9,2,5,5,4.9375,4.444001796051916,4,-1,0,-0.0625,,
SBA,9,3,1,8,4.5,5.04826941758172,5,4,7,3.5,,
SBA,9,4,1,6,3.625,2.8599486088069734,3,2,5,2.625,,
SBA,9,5,7,2,4.5,4.698476056495859,5,-2,-5,-2.5,,
SBA,9,6,1,5,3.1875,2.9084344031725404,3,2,4,2.1875,,
SBA,9,7,5,6,5.375,5.657416585201453,6,1,1,0.375,,
SBA,9,8,6,2,4.0625,4.309686941065787,4,-2,-4,-1.9375,,
SBA,9,9,1,6,3.625,3.1486901862766694,3,2,5,2.625,,
SBA,9,10,8,7,7.125,8.090940215725558,8,0,-1,-0.875,,
SBA,9,11,4,4,4.0625,4.786665841582871,5,1,0,0.0625,,
SBA,9,12,5,2,3.625,3.200744664440298,3,-2,-3,-1.375,,
SBA,9,13,8,3,5.375,4.834584490447995,5,-3,-5,-2.625,,
SBA,9,14,1,4,2.75,2.5732553369398112,3,2,3,1.75,,
SBA,9,15,1,1,1.4375,0.8059744131031551,1,0,0,0.4375,,
SBA,9,16,7,7,6.6875,6.177206443043539,6,-1,0,-0.3125,,
SBA,9,17,3,5,4.0625,4.611773501859285,5,2,2,1.0625,,
SBA,9,18,7,2,4.5,4.539233413050125,5,-2,-5,-2.5,,
SBA,9,19,8,8,7.5625,7.962222389427727,8,0,0,-0.4375,,
SBA,9,20,3,3,3.1875,4.285621161721265,4,1,0,0.1875,,
SBA,9,21,1,8,4.5,4.465385395127039,4,3,7,3.5,,
SBA,9,22,6,8,6.6875,6.440689472931123,6,0,2,0.6875,,
SBA,9,23,7,7,6.6875,6.69339137419317,7,0,0,-0.3125,,
SBA,9,24,2,4,3.1875,3.727537140017688,4,2,2,1.1875,,
SBA,9,25,3,8,5.375,5.514589160587819,6,3,5,2.375,,
SBA,9,26,2,3,2.75,1.8448010848883607,2,0,1,0.75,,
SBA,9,27,5,7,5.8125,5.497229327490585,5,0,2,0.8125,,
SBA,9,28,6,1,3.625,2.9133489426386276,3,-3,-5,-2.375,,
SBA,9,29,1,8,4.5,3.9899922471486766,4,3,7,3.5,,
SBA,9,30,5,5,4.9375,4.1897217692220154,4,-1,0,-0.0625,,
SBA,9,31,6,5,5.375,5.650397417979038,6,0,-1,-0.625,,
SBA,9,32,5,7,5.8125,6.242635242391018,6,1,2,0.8125,,
SBA,9,33,8,2,4.9375,4.877218501243389,5,-3,-6,-3.0625,,
SBA,9,34,5,3,4.0625,3.5504401865795403,4,-1,-2,-0.9375,,
SBA,9,35,8,8,7.5625,7.638806593802772,8,0,0,-0.4375,,
SBA,9,36,8,5,6.25,6.274741338307653,6,-2,-3,-1.75,,
SBA,9,37,2,2,2.3125,1.8526394239887163,2,0,0,0.3125,,
SBA,9,38,7,1,4.0625,3.6571702889770483,4,-3,-6,-2.9375,,
SBA,9,39,5,1,3.1875,3.140633806652969,3,-2,-4,-1.8125,,
SBA,9,40,8,1,4.5,4.37780840205268,4,-4,-7,-3.5,,
SBA,9,41,2,1,1.875,1.5839149969983293,2,0,-1,-0.125,,
SBA,9,42,3,5,4.0625,4.070284674970844,4,1,2,1.0625,,
SBA,9,43,4,8,5.8125,5.8658172716222134,6,2,4,1.8125,,
SBA,9,44,8,1,4.5,4.829738702512693,5,-3,-7,-3.5,,
SBA,9,45,8,2,4.9375,5.524118456453928,6,-2,-6,-3.0625,,
SBA,9,46,7,8,7.125,6.958002045968434,7,0,1,0.125,,
SBA,9,47,1,2,1.875,2.0968210547039834,2,1,1,0.875,,
SBA,9,48,1,6,3.625,3.9875681423431684,4,3,5,2.625,,
SBA,9,49,6,7,6.25,5.401631164317175,5,-1,1,0.25,,
SBA,9,50,1,4,2.75,2.7622284610213206,3,2,3,1.75,,
SBA,9,51,8,7,7.125,6.974626021830849,7,-1,-1,-0.875,,
SBA,9,52,2,4,3.1875,3.329705448234047,3,1,2,1.1875,,
SBA,9,53,8,5,6.25,7.261258623419205,7,-1,-3,-1.75,,
SBA,9,54,3,1,2.3125,2.1896252462373713,2,-1,-2,-0.6875,,
SBA,9,55,3,3,3.1875,3.583379575514528,4,1,0,0.1875,,
SBA,9,56,2,6,4.0625,4.567354238766702,5,3,4,2.0625,,
SBA,9,57,7,4,5.375,5.665064513697145,6,-1,-3,-1.625,,
SBA,9,58,1,8,4.5,4.794979006096066,5,4,7,3.5,,
SBA,9,59,5,8,6.25,5.694052108654059,6,1,3,1.25,,
SBA,9,60,4,5,4.5,4.449029206206153,4,0,1,0.5,,
SBA,9,61,5,6,5.375,5.402538747419116,5,0,1,0.375,,
SBA,9,62,3,5,4.0625,3.9922665093823473,4,1,2,1.0625,,
SBA,9,63,1,6,3.625,3.283330908891422,3,2,5,2.625,,
SBA,9,64,4,2,3.1875,3.5241965952472305,4,0,-2,-0.8125,,
SBA,9,65,3,6,4.5,4.493812165317696,4,1,3,1.5,,
SBA,9,66,7,2,4.5,3.8324830662707106,4,-3,-5,-2.5,,
SBA,9,67,3,4,3.625,3.328672820561947,3,0,1,0.625,,
SBA,9,68,3,1,2.3125,1.5991507485002483,2,-1,-2,-0.6875,,
SBA,9,69,4,1,2.75,2.0256534080226984,2,-2,-3,-1.25,,
SBA,9,70,1,6,3.625,3.9780704118562342,4,3,5,2.625,,
SBA,9,71,4,4,4.0625,4.299649496174667,4,0,0,0.0625,,
SBA,9,72,7,7,6.6875,7.5067771239331655,8,1,0,-0.3125,,
SBA,9,73,5,6,5.375,4.760835912587499,5,0,1,0.375,,
SBA,9,74,4,5,4.5,4.768922984779194,5,1,1,0.5,,
SBA,9,75,4,2,3.1875,3.445063666347182,3,-1,-2,-0.8125,,
SBA,9,76,2,1,1.875,2.1640740138735968,2,0,-1,-0.125,,
SBA,9,77,1,1,1.4375,1.7885999023691623,2,1,0,0.4375,,
SBA,9,78,8,1,4.5,4.786950838163852,5,-3,-7,-3.5,,
SBA,9,79,7,3,4.9375,4.970644690333912,5,-2,-4,-2.0625,,
SBA,9,80,6,3,4.5,4.1282809155580305,4,-2,-3,-1.5,,
SBA,10,1,1,6,3.625,4.136636498847498,4,3,5,2.625,,
SBA,10,2,4,6,4.9375,3.690916436064131,4,0,2,0.9375,,
SBA,10,3,1,5,3.1875,2.6941335591823434,3,2,4,2.1875,,
SBA,10,4,3,7,4.9375,4.990318839696845,5,2,4,1.9375,,
SBA,10,5,1,6,3.625,3.111519633317057,3,2,5,2.625,,
SBA,10,6,1,6,3.625,3.758165461339254,4,3,5,2.625,,
SBA,10,7,4,1,2.75,2.2817991835074243,2,-2,-3,-1.25,,
SBA,10,8,3,1,2.3125,3.01436826552478,3,0,-2,-0.6875,,
SBA,10,9,8,5,6.25,5.975966298751316,6,-2,-3,-1.75,,
SBA,10,10,6,4,4.9375,4.534967552050895,5,-1,-2,-1.0625,,
SBA,10,11,3,2,2.75,2.557094964847391,3,0,-1,-0.25,,
SBA,10,12,1,1,1.4375,1.6300196821890713,2,1,0,0.4375,,
SBA,10,13,6,3,4.5,4.170373432735551,4,-2,-3,-1.5,,
SBA,10,14,4,4,4.0625,3.450535480457299,3,-1,0,0.0625,,
SBA,10,15,4,2,3.1875,2.9863518092711985,3,-1,-2,-0.8125,,
SBA,10,16,5,8,6.25,5.668480619945552,6,1,3,1.25,,
SBA,10,17,4,6,4.9375,4.80062283490835,5,1,2,0.9375,,
SBA,10,18,6,7,6.25,6.127507204388545,6,0,1,0.25,,
SBA,10,19,8,8,7.5625,7.200444234449033,7,-1,0,-0.4375,,
SBA,10,20,6,6,5.8125,6.11769699911038,6,0,0,-0.1875,,
SBA,10,21,8,3,5.375,5.8756824971313835,6,-2,-5,-2.625,,
SBA,10,22,3,2,2.75,1.8218933809114235,2,-1,-1,-0.25,,
SBA,10,23,3,1,2.3125,3.2187133385547315,3,0,-2,-0.6875,,
SBA,10,24,3,1,2.3125,2.3453405589425076,2,-1,-2,-0.6875,,
SBA,10,25,2,2,2.3125,2.442885291054355,2,0,0,0.3125,,
SBA,10,26,2,7,4.5,3.8069112279896467,4,2,5,2.5,,
SBA,10,27,2,4,3.1875,2.141378955940117,2,0,2,1.1875,,
SBA,10,28,6,5,5.375,6.283428795737386,6,0,-1,-0.625,,
SBA,10,29,5,8,6.25,6.367520463590067,6,1,3,1.25,,
SBA,10,30,3,1,2.3125,2.916022633778558,3,0,-2,-0.6875,,
SBA,10,31,6,1,3.625,3.9468041053837672,4,-2,-5,-2.375,,
SBA,10,32,4,8,5.8125,5.237499063193775,5,1,4,1.8125,,
SBA,10,33,1,3,2.3125,2.251745836136833,2,1,2,1.3125,,
SBA,10,34,8,5,6.25,6.281185978587624,6,-2,-3,-1.75,,
SBA,10,35,4,6,4.9375,4.937155312604349,5,1,2,0.9375,,
SBA,10,36,1,8,4.5,4.437849860847724,4,3,7,3.5,,
SBA,10,37,2,2,2.3125,2.6742361252449167,3,1,0,0.3125,,
SBA,10,38,7,1,4.0625,3.6212289303497727,4,-3,-6,-2.9375,,
SBA,10,39,6,1,3.625,3.114517077674555,3,-3,-5,-2.375,,
SBA,10,40,6,2,4.0625,3.8180290626680886,4,-2,-4,-1.9375,,
SBA,10,41,3,7,4.9375,5.073452696636386,5,2,4,1.9375,,
SBA,10,42,6,3,4.5,4.173992382600522,4,-2,-3,-1.5,,
SBA,10,43,3,7,4.9375,4.813137740635882,5,2,4,1.9375,,
SBA,10,44,4,1,2.75,3.185253490912788,3,-1,-3,-1.25,,
SBA,10,45,2,1,1.875,2.1843089779658804,2,0,-1,-0.125,,
SBA,10,46,5,2,3.625,3.367292616834575,3,-2,-3,-1.375,,
SBA,10,47,5,5,4.9375,3.550759175820729,4,-1,0,-0.0625,,
SBA,10,48,8,5,6.25,5.62547927924295,6,-2,-3,-1.75,,
SBA,10,49,6,2,4.0625,4.013742098447266,4,-2,-4,-1.9375,,
SBA,10,50,1,3,2.3125,2.562065088874977,3,2,2,1.3125,,
SBA,10,51,3,7,4.9375,4.4592096445416285,4,1,4,1.9375,,
SBA,10,52,1,4,2.75,2.978179920989622,3,2,3,1.75,,
SBA,10,53,3,4,3.625,3.3977737937207184,3,0,1,0.625,,
SBA,10,54,3,1,2.3125,2.5235981317144405,3,0,-2,-0.6875,,
SBA,10,55,8,6,6.6875,6.037724932512326,6,-2,-2,-1.3125,,
SBA,10,56,1,8,4.5,4.3756252915508576,4,3,7,3.5,,
SBA,10,57,5,1,3.1875,3.0747147137776354,3,-2,-4,-1.8125,,
SBA,10,58,8,5,6.25,6.457989920727748,6,-2,-3,-1.75,,
SBA,10,59,3,2,2.75,2.381458850976763,2,-1,-1,-0.25,,
SBA,10,60,7,3,4.9375,5.023938133614161,5,-2,-4,-2.0625,,
SBA,10,61,3,2,2.75,2.146945624941239,2,-1,-1,-0.25,,
SBA,10,62,2,5,3.625,3.4033117267046364,3,1,3,1.625,,
SBA,10,63,5,3,4.0625,2.8529070439470403,3,-2,-2,-0.9375,,
SBA,10,64,3,6,4.5,4.15116596939285,4,1,3,1.5,,
SBA,10,65,1,3,2.3125,1.7537905777557488,2,1,2,1.3125,,
SBA,10,66,4,4,4.0625,4.2877299081654545,4,0,0,0.0625,,
SBA,10,67,4,2,3.1875,2.815301547548654,3,-1,-2,-0.8125,,
SBA,10,68,8,5,6.25,6.413895028853434,6,-2,-3,-1.75,,
SBA,10,69,7,8,7.125,7.265162122164595,7,0,1,0.125,,
SBA,10,70,3,5,4.0625,3.876791086834412,4,1,2,1.0625,,
SBA,10,71,6,4,4.9375,5.039160095161851,5,-1,-2,-1.0625,,
SBA,10,72,4,6,4.9375,6.008052227417497,6,2,2,0.9375,,
SBA,10,73,8,5,6.25,6.038005841855537,6,-2,-3,-1.75,,
SBA,10,74,5,3,4.0625,3.4514151552258348,3,-2,-2,-0.9375,,
SBA,10,75,1,4,2.75,2.4437132895713845,2,1,3,1.75,,
SBA,10,76,7,7,6.6875,6.821176891493436,7,0,0,-0.3125,,
SBA,10,77,6,1,3.625,3.8649678715238855,4,-2,-5,-2.375,,
SBA,10,78,7,4,5.375,5.299144910404431,5,-2,-3,-1.625,,
SBA,10,79,6,8,6.6875,6.642945121302919,7,1,2,0.6875,,
SBA,10,80,6,7,6.25,6.177600503628947,6,0,1,0.25,,
SBA,11,1,3,7,4.9375,3.697619460672042,4,1,4,1.9375,,
SBA,11,2,3,3,3.1875,3.447223386005324,3,0,0,0.1875,,
SBA,11,3,4,7,5.375,5.444451335162611,5,1,3,1.375,,
SBA,11,4,2,2,2.3125,2.528074640149863,3,1,0,0.3125,,
SBA,11,5,6,8,6.6875,7.169093051089748,7,1,2,0.6875,,
SBA,11,6,4,3,3.625,3.9665803027413435,4,0,-1,-0.375,,
SBA,11,7,8,1,4.5,5.039469587358182,5,-3,-7,-3.5,,
SBA,11,8,5,1,3.1875,3.1954368558880257,3,-2,-4,-1.8125,,
SBA,11,9,3,7,4.9375,4.67427694495166,5,2,4,1.9375,,
SBA,11,10,7,6,6.25,6.540052278338847,7,0,-1,-0.75,,
SBA,11,11,4,7,5.375,4.605909691625971,5,1,3,1.375,,
SBA,11,12,8,2,4.9375,5.5395966268256345,6,-2,-6,-3.0625,,
SBA,11,13,7,5,5.8125,5.645768841027498,6,-1,-2,-1.1875,,
SBA,11,14,7,4,5.375,5.56886812857253,6,-1,-3,-1.625,,
SBA,11,15,8,5,6.25,5.909457788756693,6,-2,-3,-1.75,,
SBA,11,16,7,3,4.9375,4.949316741979623,5,-2,-4,-2.0625,,
SBA,11,17,8,8,7.5625,7.972741971657507,8,0,0,-0.4375,,
SBA,11,18,8,3,5.375,4.875625490525274,5,-3,-5,-2.625,,
SBA,11,19,2,7,4.5,3.8379418687363387,4,2,5,2.5,,
SBA,11,20,6,8,6.6875,6.597359754272567,7,1,2,0.6875,,
SBA,11,21,5,7,5.8125,5.322275161611243,5,0,2,0.8125,,
SBA,11,22,8,8,7.5625,8.262970841653063,8,0,0,-0.4375,,
SBA,11,23,7,7,6.6875,6.562240638672017,7,0,0,-0.3125,,
SBA,11,24,5,7,5.8125,5.756617266689917,6,1,2,0.8125,,
SBA,11,25,6,6,5.8125,5.7792733715045586,6,0,0,-0.1875,,
SBA,11,26,1,8,4.5,4.039183140269873,4,3,7,3.5,,
SBA,11,27,3,3,3.1875,2.7136582197079644,3,0,0,0.1875,,
SBA,11,28,6,2,4.0625,5.115708295897037,5,-1,-4,-1.9375,,
SBA,11,29,4,4,4.0625,4.963914347785533,5,1,0,0.0625,,
SBA,11,30,8,1,4.5,4.273403215187918,4,-4,-7,-3.5,,
SBA,11,31,6,6,5.8125,5.811580650794726,6,0,0,-0.1875,,
SBA,11,32,1,3,2.3125,2.613811850552118,3,2,2,1.3125,,
SBA,11,33,2,6,4.0625,3.829649146487605,4,2,4,2.0625,,
SBA,11,34,5,2,3.625,3.103428839607303,3,-2,-3,-1.375,,
SBA,11,35,7,8,7.125,7.137684868783829,7,0,1,0.125,,
SBA,11,36,3,2,2.75,2.9755301975006314,3,0,-1,-0.25,,
SBA,11,37,4,3,3.625,4.251820147669149,4,0,-1,-0.375,,
SBA,11,38,4,8,5.8125,6.566588692323107,7,3,4,1.8125,,
SBA,11,39,2,1,1.875,2.0127218847101833,2,0,-1,-0.125,,
SBA,11,40,8,2,4.9375,5.265285642847222,5,-3,-6,-3.0625,,
SBA,11,41,5,2,3.625,3.671820132840248,4,-1,-3,-1.375,,
SBA,11,42,3,3,3.1875,3.9398844705546012,4,1,0,0.1875,,
SBA,11,43,8,2,4.9375,4.435318776917412,4,-4,-6,-3.0625,,
SBA,11,44,6,1,3.625,4.2235006257256815,4,-2,-5,-2.375,,
SBA,11,45,1,6,3.625,3.015241772788945,3,2,5,2.625,,
SBA,11,46,4,6,4.9375,5.121871850382427,5,1,2,0.9375,,
SBA,11,47,6,8,6.6875,7.165907170874164,7,1,2,0.6875,,
SBA,11,48,8,4,5.8125,5.809391112254689,6,-2,-4,-2.1875,,
SBA,11,49,5,1,3.1875,3.047299641621148,3,-2,-4,-1.8125,,
SBA,11,50,3,2,2.75,3.1555267784310006,3,0,-1,-0.25,,
SBA,11,51,3,5,4.0625,4.058088658540731,4,1,2,1.0625,,
SBA,11,52,1,3,2.3125,1.8801203313880324,2,1,2,1.3125,,
SBA,11,53,1,2,1.875,1.407066831681541,1,0,1,0.875,,
SBA,11,54,4,1,2.75,2.3875292646209596,2,-2,-3,-1.25,,
SBA,11,55,7,3,4.9375,5.162066623206209,5,-2,-4,-2.0625,,
SBA,11,56,4,8,5.8125,5.25555407362668,5,1,4,1.8125,,
SBA,11,57,2,7,4.5,4.792673943961232,5,3,5,2.5,,
SBA,11,58,8,3,5.375,4.935647816392707,5,-3,-5,-2.625,,
SBA,11,59,7,4,5.375,5.5087706253479,6,-1,-3,-1.625,,
SBA,11,60,3,1,2.3125,1.9996565985156545,2,-1,-2,-0.6875,,
SBA,11,61,3,7,4.9375,4.5886170480721455,5,2,4,1.9375,,
SBA,11,62,3,7,4.9375,4.957298627600091,5,2,4,1.9375,,
SBA,11,63,2,4,3.1875,2.905960344003965,3,1,2,1.1875,,
SBA,11,64,4,5,4.5,4.7178185100207255,5,1,1,0.5,,
SBA,11,65,4,5,4.5,4.182925439769457,4,0,1,0.5,,
SBA,11,66,6,5,5.375,4.42369146216645,4,-2,-1,-0.625,,
SBA,11,67,2,1,1.875,0.8775621253875466,1,-1,-1,-0.125,,
SBA,11,68,4,4,4.0625,3.3311953665049376,3,-1,0,0.0625,,
SBA,11,69,1,4,2.75,3.1551594630810977,3,2,3,1.75,,
SBA,11,70,5,6,5.375,5.418438529996248,5,0,1,0.375,,
SBA,11,71,4,5,4.5,3.9524453364357246,4,0,1,0.5,,
SBA,11,72,6,3,4.5,4.276438535913241,4,-2,-3,-1.5,,
SBA,11,73,5,2,3.625,4.1093685568444815,4,-1,-3,-1.375,,
SBA,11,74,1,5,3.1875,2.538353439214238,3,2,4,2.1875,,
SBA,11,75,2,6,4.0625,4.297364860959764,4,2,4,2.0625,,
SBA,11,76,2,2,2.3125,2.681672224306216,3,1,0,0.3125,,
SBA,11,77,7,8,7.125,6.38876613100077,6,-1,1,0.125,,
SBA,11,78,6,4,4.9375,4.799288410599364,5,-1,-2,-1.0625,,
SBA,11,79,2,8,4.9375,4.1094577839881055,4,2,6,2.9375,,
SBA,11,80,8,2,4.9375,5.338770894666009,5,-3,-6,-3.0625,,
SBA,12,1,5,5,4.9375,4.661498785746986,5,0,0,-0.0625,,
SBA,12,2,7,8,7.125,6.456778757004982,6,-1,1,0.125,,
SBA,12,3,2,3,2.75,2.773113379464667,3,1,1,0.75,,
SBA,12,4,6,4,4.9375,4.861097724671861,5,-1,-2,-1.0625,,
SBA,12,5,6,7,6.25,6.403489606498777,6,0,1,0.25,,
SBA,12,6,8,5,6.25,5.530563493897743,6,-2,-3,-1.75,,
SBA,12,7,4,6,4.9375,5.857384556003763,6,2,2,0.9375,,
SBA,12,8,7,5,5.8125,5.983956049257908,6,-1,-2,-1.1875,,
SBA,12,9,1,7,4.0625,3.607948846754763,4,3,6,3.0625,,
SBA,12,10,6,8,6.6875,7.410937029000938,7,1,2,0.6875,,
SBA,12,11,5,4,4.5,4.5404442787897095,5,0,-1,-0.5,,
SBA,12,12,6,5,5.375,4.962832625825249,5,-1,-1,-0.625,,
SBA,12,13,7,7,6.6875,6.5028845231755925,7,0,0,-0.3125,,
SBA,12,14,7,8,7.125,7.3421171389786615,7,0,1,0.125,,
SBA,12,15,1,5,3.1875,3.4360490545025772,3,2,4,2.1875,,
SBA,12,16,8,7,7.125,7.39071236671401,7,-1,-1,-0.875,,
SBA,12,17,4,5,4.5,4.651923973750668,5,1,1,0.5,,
SBA,12,18,3,8,5.375,5.771706273663606,6,3,5,2.375,,
SBA,12,19,1,6,3.625,3.5712476594655107,4,3,5,2.625,,
SBA,12,20,7,5,5.8125,5.665275429778284,6,-1,-2,-1.1875,,
SBA,12,21,6,5,5.375,5.326630686699364,5,-1,-1,-0.625,,
SBA,12,22,5,3,4.0625,4.615187819899309,5,0,-2,-0.9375,,
SBA,12,23,1,1,1.4375,1.5576660763972625,2,1,0,0.4375,,
SBA,12,24,1,2,1.875,1.0325959921318808,1,0,1,0.875,,
SBA,12,25,3,7,4.9375,4.373041494890637,4,1,4,1.9375,,
SBA,12,26,2,6,4.0625,3.556953842845293,4,2,4,2.0625,,
SBA,12,27,7,5,5.8125,5.848038444835133,6,-1,-2,-1.1875,,
SBA,12,28,7,1,4.0625,4.85630167964571,5,-2,-6,-2.9375,,
SBA,12,29,2,7,4.5,3.6986363542310743,4,2,5,2.5,,
SBA,12,30,3,5,4.0625,3.222128456993564,3,0,2,1.0625,,
SBA,12,31,1,5,3.1875,2.3833733413812985,2,1,4,2.1875,,
SBA,12,32,7,4,5.375,5.3106003591337325,5,-2,-3,-1.625,,
SBA,12,33,1,5,3.1875,2.8648664728800886,3,2,4,2.1875,,
SBA,12,34,5,2,3.625,4.0051595863766325,4,-1,-3,-1.375,,
SBA,12,35,5,5,4.9375,4.006468135410667,4,-1,0,-0.0625,,
SBA,12,36,8,7,7.125,7.291959133354741,7,-1,-1,-0.875,,
SBA,12,37,4,4,4.0625,3.7388331700668584,4,0,0,0.0625,,
SBA,12,38,7,3,4.9375,5.461995633188079,5,-2,-4,-2.0625,,
SBA,12,39,3,1,2.3125,2.3245259980023447,2,-1,-2,-0.6875,,
SBA,12,40,1,1,1.4375,1.0675118198922764,1,0,0,0.4375,,
SBA,12,41,7,6,6.25,5.572288492075018,6,-1,-1,-0.75,,
SBA,12,42,7,3,4.9375,5.5058131593724475,6,-1,-4,-2.0625,,
SBA,12,43,8,6,6.6875,6.427780371080561,6,-2,-2,-1.3125,,
SBA,12,44,6,4,4.9375,4.2931804821956225,4,-2,-2,-1.0625,,
SBA,12,45,1,3,2.3125,1.8495898687221843,2,1,2,1.3125,,
SBA,12,46,2,5,3.625,3.659597314573498,4,2,3,1.625,,
SBA,12,47,5,5,4.9375,5.0259792025030325,5,0,0,-0.0625,,
SBA,12,48,5,8,6.25,5.92227946102075,6,1,3,1.25,,
SBA,12,49,1,5,3.1875,3.0629526478170725,3,2,4,2.1875,,
SBA,12,50,2,3,2.75,2.52054338977398,3,1,1,0.75,,
SBA,12,51,5,3,4.0625,4.614660829004088,5,0,-2,-0.9375,,
SBA,12,52,3,7,4.9375,4.572198709927627,5,2,4,1.9375,,
SBA,12,53,8,1,4.5,4.0448385759666206,4,-4,-7,-3.5,,
SBA,12,54,6,7,6.25,5.680070760664884,6,0,1,0.25,,
SBA,12,55,4,8,5.8125,5.65089087273202,6,2,4,1.8125,,
SBA,12,56,4,3,3.625,4.006114502704175,4,0,-1,-0.375,,
SBA,12,57,1,7,4.0625,4.043032980911766,4,3,6,3.0625,,
SBA,12,58,6,6,5.8125,5.76568704933032,6,0,0,-0.1875,,
SBA,12,59,7,6,6.25,6.755452215909104,7,0,-1,-0.75,,
SBA,12,60,8,6,6.6875,7.055604719836181,7,-1,-2,-1.3125,,
SBA,12,61,2,5,3.625,3.709935366266949,4,2,3,1.625,,
SBA,12,62,6,2,4.0625,5.018189677512127,5,-1,-4,-1.9375,,
SBA,12,63,4,7,5.375,4.600341433730132,5,1,3,1.375,,
SBA,12,64,1,8,4.5,5.109892413312105,5,4,7,3.5,,
SBA,12,65,2,8,4.9375,5.2778348920355,5,3,6,2.9375,,
SBA,12,66,4,1,2.75,2.1035716381280243,2,-2,-3,-1.25,,
SBA,12,67,1,2,1.875,2.458998843767253,2,1,1,0.875,,
SBA,12,68,3,1,2.3125,2.894269127432064,3,0,-2,-0.6875,,
SBA,12,69,4,7,5.375,5.283704187230833,5,1,3,1.375,,
SBA,12,70,4,5,4.5,4.087650270286166,4,0,1,0.5,,
SBA,12,71,8,7,7.125,6.834881291846681,7,-1,-1,-0.875,,
SBA,12,72,8,3,5.375,6.0348830552205515,6,-2,-5,-2.625,,
SBA,12,73,4,7,5.375,5.609640727496382,6,2,3,1.375,,
SBA,12,74,3,5,4.0625,3.5273503688562995,4,1,2,1.0625,,
SBA,12,75,8,6,6.6875,7.408983572100612,7,-1,-2,-1.3125,,
SBA,12,76,6,3,4.5,4.968208240309489,5,-1,-3,-1.5,,
SBA,12,77,2,6,4.0625,3.4631992249786125,3,1,4,2.0625,,
SBA,12,78,4,8,5.8125,5.948940133944002,6,2,4,1.8125,,
SBA,12,79,5,7,5.8125,5.813969828767756,6,1,2,0.8125,,
SBA,12,80,7,4,5.375,5.424491930824697,5,-2,-3,-1.625,,
SBA,13,1,5,4,4.5,4.839916957633311,5,0,-1,-0.5,,
SBA,13,2,2,1,1.875,2.095042010951402,2,0,-1,-0.125,,
SBA,13,3,8,7,7.125,7.580342169704104,8,0,-1,-0.875,,
SBA,13,4,5,3,4.0625,3.982460830065616,4,-1,-2,-0.9375,,
SBA,13,5,5,8,6.25,6.08789632434168,6,1,3,1.25,,
SBA,13,6,6,2,4.0625,4.000644605200169,4,-2,-4,-1.9375,,
SBA,13,7,8,7,7.125,5.701825741185482,6,-2,-1,-0.875,,
SBA,13,8,4,8,5.8125,5.688436178800631,6,2,4,1.8125,,
SBA,13,9,7,7,6.6875,7.318040741717354,7,0,0,-0.3125,,
SBA,13,10,5,7,5.8125,5.473333260899884,5,0,2,0.8125,,
SBA,13,11,8,8,7.5625,6.894511616270109,7,-1,0,-0.4375,,
SBA,13,12,3,2,2.75,2.9844405853610327,3,0,-1,-0.25,,
SBA,13,13,7,2,4.5,5.713821368173889,6,-1,-5,-2.5,,
SBA,13,14,8,2,4.9375,4.7052081620000115,5,-3,-6,-3.0625,,
SBA,13,15,5,6,5.375,5.598495262560438,6,1,1,0.375,,
SBA,13,16,6,6,5.8125,5.574937184666413,6,0,0,-0.1875,,
SBA,13,17,7,5,5.8125,5.183366171184858,5,-2,-2,-1.1875,,
SBA,13,18,6,7,6.25,6.023987226585001,6,0,1,0.25,,
SBA,13,19,8,8,7.5625,7.346101790785559,7,-1,0,-0.4375,,
SBA,13,20,8,4,5.8125,5.636943108734902,6,-2,-4,-2.1875,,
SBA,13,21,2,8,4.9375,4.3601979318919035,4,2,6,2.9375,,
SBA,13,22,4,8,5.8125,5.149044728839344,5,1,4,1.8125,,
SBA,13,23,7,4,5.375,4.643090613427768,5,-2,-3,-1.625,,
SBA,13,24,8,4,5.8125,5.769008776488699,6,-2,-4,-2.1875,,
SBA,13,25,8,1,4.5,4.49497527516119,4,-4,-7,-3.5,,
SBA,13,26,1,5,3.1875,3.663436189865422,4,3,4,2.1875,,
SBA,13,27,7,3,4.9375,5.369198151117583,5,-2,-4,-2.0625,,
SBA,13,28,8,1,4.5,4.063028971499245,4,-4,-7,-3.5,,
SBA,13,29,1,5,3.1875,2.8708447967257733,3,2,4,2.1875,,
SBA,13,30,6,5,5.375,5.004235040650225,5,-1,-1,-0.625,,
SBA,13,31,4,8,5.8125,5.124872539318147,5,1,4,1.8125,,
SBA,13,32,5,2,3.625,3.3382962437498174,3,-2,-3,-1.375,,
SBA,13,33,8,7,7.125,6.359741124508048,6,-2,-1,-0.875,,
SBA,13,34,3,1,2.3125,1.412206859855311,1,-2,-2,-0.6875,,
SBA,13,35,3,6,4.5,4.8542312049211915,5,2,3,1.5,,
SBA,13,36,2,3,2.75,2.7084632983230725,3,1,1,0.75,,
SBA,13,37,2,7,4.5,4.079598988499621,4,2,5,2.5,,
SBA,13,38,8,5,6.25,6.484003402100455,6,-2,-3,-1.75,,
SBA,13,39,2,3,2.75,3.0198831989955934,3,1,1,0.75,,
SBA,13,40,2,7,4.5,5.158170068618524,5,3,5,2.5,,
SBA,13,41,5,7,5.8125,5.580148812707277,6,1,2,0.8125,,
SBA,13,42,8,3,5.375,5.426360423305786,5,-3,-5,-2.625,,
SBA,13,43,7,8,7.125,6.907937015035176,7,0,1,0.125,,
SBA,13,44,1,5,3.1875,2.872734440694155,3,2,4,2.1875,,
SBA,13,45,1,6,3.625,4.0842515216225195,4,3,5,2.625,,
SBA,13,46,7,6,6.25,6.441390090667505,6,-1,-1,-0.75,,
SBA,13,47,6,1,3.625,3.093077578677225,3,-3,-5,-2.375,,
SBA,13,48,7,1,4.0625,4.056982390218117,4,-3,-6,-2.9375,,
SBA,13,49,2,5,3.625,3.9052955284476485,4,2,3,1.625,,
SBA,13,50,2,5,3.625,3.515545306573961,4,2,3,1.625,,
SBA,13,51,8,5,6.25,6.192933303790868,6,-2,-3,-1.75,,
SBA,13,52,8,5,6.25,7.368077960960132,7,-1,-3,-1.75,,
SBA,13,53,6,6,5.8125,5.376196085656255,5,-1,0,-0.1875,,
SBA,13,54,3,1,2.3125,1.9869398648410608,2,-1,-2,-0.6875,,
SBA,13,55,7,8,7.125,7.832413653050301,8,1,1,0.125,,
SBA,13,56,2,4,3.1875,3.2330830526942536,3,1,2,1.1875,,
SBA,13,57,6,6,5.8125,5.727704668235581,6,0,0,-0.1875,,
SBA,13,58,4,4,4.0625,3.4338116954511517,3,-1,0,0.0625,,
SBA,13,59,7,6,6.25,6.396140658958887,6,-1,-1,-0.75,,
SBA,13,60,8,6,6.6875,6.942563622318814,7,-1,-2,-1.3125,,
SBA,13,61,4,2,3.1875,3.735473141273521,4,0,-2,-0.8125,,
SBA,13,62,1,3,2.3125,2.947138410940126,3,2,2,1.3125,,
SBA,13,63,8,7,7.125,7.288174757945434,7,-1,-1,-0.875,,
SBA,13,64,6,3,4.5,4.172635286659812,4,-2,-3,-1.5,,
SBA,13,65,3,2,2.75,2.152410696088456,2,-1,-1,-0.25,,
SBA,13,66,2,1,1.875,2.61246497377,3,1,-1,-0.125,,
SBA,13,67,3,2,2.75,2.4629455738569814,2,-1,-1,-0.25,,
SBA,13,68,6,2,4.0625,4.642225714868519,5,-1,-4,-1.9375,,
SBA,13,69,3,1,2.3125,2.6747405109040883,3,0,-2,-0.6875,,
SBA,13,70,2,6,4.0625,3.9396531652724924,4,2,4,2.0625,,
SBA,13,71,4,6,4.9375,5.634620263747804,6,2,2,0.9375,,
SBA,13,72,8,3,5.375,5.352255372396759,5,-3,-5,-2.625,,
SBA,13,73,3,7,4.9375,5.573384908174011,6,3,4,1.9375,,
SBA,13,74,8,5,6.25,6.1385268497056655,6,-2,-3,-1.75,,
SBA,13,75,4,8,5.8125,5.665777714915688,6,2,4,1.8125,,
SBA,13,76,8,3,5.375,5.3315980148970965,5,-3,-5,-2.625,,
SBA,13,77,8,8,7.5625,8.600441676754352,8,0,0,-0.4375,,
SBA,13,78,8,5,6.25,6.459290640137306,6,-2,-3,-1.75,,
SBA,13,79,1,8,4.5,4.495787668801432,4,3,7,3.5,,
SBA,13,80,4,6,4.9375,4.152936670178772,4,0,2,0.9375,,
SBA,14,1,7,8,7.125,6.781013000804597,7,0,1,0.125,,
SBA,14,2,4,4,4.0625,3.4356109162646575,3,-1,0,0.0625,,
SBA,14,3,5,4,4.5,3.4855795478790865,3,-2,-1,-0.5,,
SBA,14,4,3,8,5.375,4.951256015485569,5,2,5,2.375,,
SBA,14,5,6,2,4.0625,5.027896106525822,5,-1,-4,-1.9375,,
SBA,14,6,4,1,2.75,3.3190069761946743,3,-1,-3,-1.25,,
SBA,14,7,7,7,6.6875,7.185134140904573,7,0,0,-0.3125,,
SBA,14,8,2,2,2.3125,2.0829360636982317,2,0,0,0.3125,,
SBA,14,9,2,4,3.1875,2.8802161734440594,3,1,2,1.1875,,
SBA,14,10,8,5,6.25,5.422552194041124,5,-3,-3,-1.75,,
SBA,14,11,5,8,6.25,6.684030161340844,7,2,3,1.25,,
SBA,14,12,4,2,3.1875,3.02427545193034,3,-1,-2,-0.8125,,
SBA,14,13,2,2,2.3125,2.200957564142554,2,0,0,0.3125,,
SBA,14,14,3,3,3.1875,3.5133446638749204,4,1,0,0.1875,,
SBA,14,15,7,2,4.5,3.943415928341459,4,-3,-5,-2.5,,
SBA,14,16,8,2,4.9375,5.429941564203694,5,-3,-6,-3.0625,,
SBA,14,17,1,1,1.4375,0.6274488944378173,1,0,0,0.4375,,
SBA,14,18,3,7,4.9375,4.155798353501045,4,1,4,1.9375,,
SBA,14,19,1,6,3.625,4.112031250307094,4,3,5,2.625,,
SBA,14,20,4,3,3.625,3.7827233433926577,4,0,-1,-0.375,,
SBA,14,21,1,6,3.625,3.7167450648978173,4,3,5,2.625,,
SBA,14,22,6,4,4.9375,3.9589958586333944,4,-2,-2,-1.0625,,
SBA,14,23,4,4,4.0625,4.443229269504842,4,0,0,0.0625,,
SBA,14,24,6,7,6.25,6.918474265157391,7,1,1,0.25,,
SBA,14,25,1,2,1.875,1.6849673782382308,2,1,1,0.875,,
SBA,14,26,4,4,4.0625,3.827178379585394,4,0,0,0.0625,,
SBA,14,27,7,3,4.9375,5.804074940215599,6,-1,-4,-2.0625,,
SBA,14,28,2,8,4.9375,4.531469199703139,5,3,6,2.9375,,
SBA,14,29,3,1,2.3125,1.2422098966594481,1,-2,-2,-0.6875,,
SBA,14,30,5,5,4.9375,5.189615812506579,5,0,0,-0.0625,,
SBA,14,31,7,5,5.8125,5.410275759331314,5,-2,-2,-1.1875,,
SBA,14,32,2,7,4.5,4.862207585132862,5,3,5,2.5,,
SBA,14,33,4,5,4.5,4.151016407374776,4,0,1,0.5,,
SBA,14,34,5,4,4.5,4.3586267951810544,4,-1,-1,-0.5,,
SBA,14,35,8,3,5.375,5.15410622937499,5,-3,-5,-2.625,,
SBA,14,36,6,5,5.375,5.008988818312847,5,-1,-1,-0.625,,
SBA,14,37,5,5,4.9375,4.958534461320208,5,0,0,-0.0625,,
SBA,14,38,6,1,3.625,4.335203202649288,4,-2,-5,-2.375,,
SBA,14,39,1,6,3.625,3.1048528050191964,3,2,5,2.625,,
SBA,14,40,3,6,4.5,4.6861535673361425,5,2,3,1.5,,
SBA,14,41,5,5,4.9375,4.63665402895753,5,0,0,-0.0625,,
SBA,14,42,4,1,2.75,2.673100460695697,3,-1,-3,-1.25,,
SBA,14,43,1,6,3.625,4.035330367400785,4,3,5,2.625,,
SBA,14,44,3,6,4.5,4.502010426582024,5,2,3,1.5,,
SBA,14,45,1,1,1.4375,2.229783082118067,2,1,0,0.4375,,
SBA,14,46,7,8,7.125,6.365366221937048,6,-1,1,0.125,,
SBA,14,47,5,3,4.0625,3.1639662264595056,3,-2,-2,-0.9375,,
SBA,14,48,6,8,6.6875,6.527033385963777,7,1,2,0.6875,,
SBA,14,49,5,7,5.8125,5.916830804438294,6,1,2,0.8125,,
SBA,14,50,6,6,5.8125,6.313485247337342,6,0,0,-0.1875,,
SBA,14,51,5,7,5.8125,5.457485914728905,5,0,2,0.8125,,
SBA,14,52,8,7,7.125,7.080305769889509,7,-1,-1,-0.875,,
SBA,14,53,3,3,3.1875,2.691712213116644,3,0,0,0.1875,,
SBA,14,54,8,2,4.9375,5.392211342396741,5,-3,-6,-3.0625,,
SBA,14,55,1,3,2.3125,2.761456450329549,3,2,2,1.3125,,
SBA,14,56,4,4,4.0625,4.178517382530275,4,0,0,0.0625,,
SBA,14,57,8,2,4.9375,4.87770196333181,5,-3,-6,-3.0625,,
SBA,14,58,7,6,6.25,6.207852545351681,6,-1,-1,-0.75,,
SBA,14,59,5,1,3.1875,2.6583550384209307,3,-2,-4,-1.8125,,
SBA,14,60,6,2,4.0625,3.2513805424273974,3,-3,-4,-1.9375,,
SBA,14,61,6,3,4.5,4.894778120484049,5,-1,-3,-1.5,,
SBA,14,62,5,3,4.0625,4.267909279791502,4,-1,-2,-0.9375,,
SBA,14,63,7,8,7.125,7.272790789514528,7,0,1,0.125,,
SBA,14,64,2,2,2.3125,1.9562276678385961,2,0,0,0.3125,,
SBA,14,65,6,2,4.0625,3.473036331957611,3,-3,-4,-1.9375,,
SBA,14,66,4,3,3.625,3.991948796536016,4,0,-1,-0.375,,
SBA,14,67,6,4,4.9375,5.0518795139965365,5,-1,-2,-1.0625,,
SBA,14,68,2,1,1.875,1.7276339956790134,2,0,-1,-0.125,,
SBA,14,69,1,4,2.75,3.3286075162007407,3,2,3,1.75,,
SBA,14,70,7,2,4.5,5.30342846743407,5,-2,-5,-2.5,,
SBA,14,71,1,2,1.875,2.6595908326090427,3,2,1,0.875,,
SBA,14,72,6,5,5.375,5.116214366316421,5,-1,-1,-0.625,,
SBA,14,73,3,2,2.75,3.0035067736508076,3,0,-1,-0.25,,
SBA,14,74,2,8,4.9375,5.373935705008528,5,3,6,2.9375,,
SBA,14,75,4,1,2.75,2.021547976830658,2,-2,-3,-1.25,,
SBA,14,76,1,5,3.1875,4.455262961932041,4,3,4,2.1875,,
SBA,14,77,6,4,4.9375,4.631469907791576,5,-1,-2,-1.0625,,
SBA,14,78,1,8,4.5,4.911635804644274,5,4,7,3.5,,
SBA,14,79,7,1,4.0625,4.397404020818671,4,-3,-6,-2.9375,,
SBA,14,80,7,3,4.9375,5.523419906636223,6,-1,-4,-2.0625,,
SBA,15,1,4,4,4.0625,3.9733979776985837,4,0,0,0.0625,,
SBA,15,2,8,6,6.6875,6.212262107077591,6,-2,-2,-1.3125,,
SBA,15,3,7,2,4.5,4.503530014140355,5,-2,-5,-2.5,,
SBA,15,4,3,3,3.1875,3.2771401987676425,3,0,0,0.1875,,
SBA,15,5,8,3,5.375,4.806658408557282,5,-3,-5,-2.625,,
SBA,15,6,1,5,3.1875,3.8226895324577863,4,3,4,2.1875,,
SBA,15,7,8,3,5.375,4.315098216645248,4,-4,-5,-2.625,,
SBA,15,8,6,2,4.0625,4.349672464436201,4,-2,-4,-1.9375,,
SBA,15,9,3,1,2.3125,2.8683009632048324,3,0,-2,-0.6875,,
SBA,15,10,5,7,5.8125,5.53592103996864,6,1,2,0.8125,,
SBA,15,11,2,8,4.9375,4.094500948370301,4,2,6,2.9375,,
SBA,15,12,5,3,4.0625,3.9812693593672575,4,-1,-2,-0.9375,,
SBA,15,13,1,7,4.0625,3.967141355041825,4,3,6,3.0625,,
SBA,15,14,5,4,4.5,4.277242354983651,4,-1,-1,-0.5,,
SBA,15,15,6,3,4.5,3.88090627778603,4,-2,-3,-1.5,,
SBA,15,16,7,8,7.125,8.576391685561031,8,1,1,0.125,,
SBA,15,17,1,5,3.1875,3.115776823036901,3,2,4,2.1875,,
SBA,15,18,5,4,4.5,4.191115937122046,4,-1,-1,-0.5,,
SBA,15,19,7,6,6.25,5.96087881145393,6,-1,-1,-0.75,,
SBA,15,20,7,8,7.125,7.385374267327279,7,0,1,0.125,,
SBA,15,21,8,6,6.6875,6.721581465727752,7,-1,-2,-1.3125,,
SBA,15,22,6,7,6.25,5.552092360708673,6,0,1,0.25,,
SBA,15,23,3,8,5.375,5.118383152756019,5,2,5,2.375,,
SBA,15,24,6,5,5.375,5.558149149218368,6,0,-1,-0.625,,
SBA,15,25,2,5,3.625,3.376431952793724,3,1,3,1.625,,
SBA,15,26,6,2,4.0625,4.458691093700885,4,-2,-4,-1.9375,,
SBA,15,27,2,1,1.875,2.031622051299479,2,0,-1,-0.125,,
SBA,15,28,5,2,3.625,4.098133103120742,4,-1,-3,-1.375,,
SBA,15,29,4,5,4.5,4.881571360037972,5,1,1,0.5,,
SBA,15,30,3,4,3.625,3.8451799860157845,4,1,1,0.625,,
SBA,15,31,7,8,7.125,7.902104197091754,8,1,1,0.125,,
SBA,15,32,4,4,4.0625,3.352239383173418,3,-1,0,0.0625,,
SBA,15,33,6,7,6.25,5.457649183879772,5,-1,1,0.25,,
SBA,15,34,1,7,4.0625,3.631471073576428,4,3,6,3.0625,,
SBA,15,35,6,8,6.6875,6.49242754670031,6,0,2,0.6875,,
SBA,15,36,1,6,3.625,3.502885543094544,4,3,5,2.625,,
SBA,15,37,5,6,5.375,4.445985583829817,4,-1,1,0.375,,
SBA,15,38,4,1,2.75,3.4056268993305894,3,-1,-3,-1.25,,
SBA,15,39,7,3,4.9375,4.920423103641568,5,-2,-4,-2.0625,,
SBA,15,40,7,3,4.9375,5.012456158523734,5,-2,-4,-2.0625,,
SBA,15,41,5,4,4.5,3.9136770659973923,4,-1,-1,-0.5,,
SBA,15,42,6,1,3.625,3.4721475677837783,3,-3,-5,-2.375,,
SBA,15,43,1,1,1.4375,1.2078080219678446,1,0,0,0.4375,,
SBA,15,44,4,2,3.1875,3.298654448628122,3,-1,-2,-0.8125,,
SBA,15,45,5,7,5.8125,6.3297684819826365,6,1,2,0.8125,,
SBA,15,46,4,8,5.8125,5.82549903262441,6,2,4,1.8125,,
SBA,15,47,3,8,5.375,4.957029260127127,5,2,5,2.375,,
SBA,15,48,7,3,4.9375,5.080139940094683,5,-2,-4,-2.0625,,
SBA,15,49,2,4,3.1875,3.2343202149036854,3,1,2,1.1875,,
SBA,15,50,7,1,4.0625,3.594962497324037,4,-3,-6,-2.9375,,
SBA,15,51,2,3,2.75,2.723365409383604,3,1,1,0.75,,
SBA,15,52,5,6,5.375,4.474686734268582,4,-1,1,0.375,,
SBA,15,53,5,5,4.9375,4.923017652652414,5,0,0,-0.0625,,
SBA,15,54,7,1,4.0625,2.575611641312171,3,-4,-6,-2.9375,,
SBA,15,55,4,1,2.75,2.505673523284841,3,-1,-3,-1.25,,
SBA,15,56,8,8,7.5625,7.929443851538681,8,0,0,-0.4375,,
SBA,15,57,1,2,1.875,1.570160369150247,2,1,1,0.875,,
SBA,15,58,5,6,5.375,5.440848939622881,5,0,1,0.375,,
SBA,15,59,2,6,4.0625,4.148621726933862,4,2,4,2.0625,,
SBA,15,60,8,6,6.6875,6.545155150277924,7,-1,-2,-1.3125,,
SBA,15,61,6,5,5.375,4.734930996951057,5,-1,-1,-0.625,,
SBA,15,62,1,5,3.1875,2.54384574095183,3,2,4,2.1875,,
SBA,15,63,7,3,4.9375,4.501173753780971,5,-2,-4,-2.0625,,
SBA,15,64,7,3,4.9375,5.1145320078343515,5,-2,-4,-2.0625,,
SBA,15,65,2,8,4.9375,5.406439497700578,5,3,6,2.9375,,
SBA,15,66,1,1,1.4375,0.911142145299257,1,0,0,0.4375,,
SBA,15,67,1,2,1.875,1.5168451185304124,2,1,1,0.875,,
SBA,15,68,2,3,2.75,2.5354785209035167,3,1,1,0.75,,
SBA,15,69,1,6,3.625,4.3061703514604925,4,3,5,2.625,,
SBA,15,70,3,1,2.3125,1.974699553724488,2,-1,-2,-0.6875,,
SBA,15,71,5,4,4.5,4.985437369455446,5,0,-1,-0.5,,
SBA,15,72,1,7,4.0625,3.8429464557055493,4,3,6,3.0625,,
SBA,15,73,5,2,3.625,3.436935875718097,3,-2,-3,-1.375,,
SBA,15,74,6,4,4.9375,4.6514147969591795,5,-1,-2,-1.0625,,
SBA,15,75,2,4,3.1875,3.072857362775972,3,1,2,1.1875,,
SBA,15,76,3,6,4.5,3.931145906240154,4,1,3,1.5,,
SBA,15,77,8,2,4.9375,4.851707561725638,5,-3,-6,-3.0625,,
SBA,15,78,2,7,4.5,3.9993524545267007,4,2,5,2.5,,
SBA,15,79,1,7,4.0625,4.005529553264666,4,3,6,3.0625,,
SBA,15,80,2,3,2.75,1.7738888973432585,2,0,1,0.75,,
SBA,16,1,5,5,4.9375,4.579963324719716,5,0,0,-0.0625,,
SBA,16,2,1,7,4.0625,3.8839156930126255,4,3,6,3.0625,,
SBA,16,3,6,4,4.9375,4.666880135471273,5,-1,-2,-1.0625,,
SBA,16,4,8,1,4.5,3.5391274144295712,4,-4,-7,-3.5,,
SBA,16,5,4,5,4.5,4.550905361076661,5,1,1,0.5,,
SBA,16,6,8,5,6.25,5.452753833728454,5,-3,-3,-1.75,,
SBA,16,7,3,8,5.375,6.366648482028303,6,3,5,2.375,,
SBA,16,8,3,7,4.9375,5.575648796738435,6,3,4,1.9375,,
SBA,16,9,7,2,4.5,5.39111915823393,5,-2,-5,-2.5,,
SBA,16,10,6,6,5.8125,5.778768976379005,6,0,0,-0.1875,,
SBA,16,11,1,6,3.625,2.629356298930478,3,2,5,2.625,,
SBA,16,12,1,6,3.625,4.5108942568325965,5,4,5,2.625,,
SBA,16,13,1,5,3.1875,3.2703794737921146,3,2,4,2.1875,,
SBA,16,14,3,5,4.0625,4.952837561423799,5,2,2,1.0625,,
SBA,16,15,5,4,4.5,5.10768476416699,5,0,-1,-0.5,,
SBA,16,16,6,2,4.0625,4.229325456537526,4,-2,-4,-1.9375,,
SBA,16,17,1,7,4.0625,3.538455084295692,4,3,6,3.0625,,
SBA,16,18,2,2,2.3125,1.8547584998407909,2,0,0,0.3125,,
SBA,16,19,8,5,6.25,6.12424622482237,6,-2,-3,-1.75,,
SBA,16,20,3,1,2.3125,2.3339330178339153,2,-1,-2,-0.6875,,
SBA,16,21,1,3,2.3125,2.235762892530885,2,1,2,1.3125,,
SBA,16,22,2,4,3.1875,3.323073000357972,3,1,2,1.1875,,
SBA,16,23,7,5,5.8125,6.5308426947749005,7,0,-2,-1.1875,,
SBA,16,24,2,3,2.75,3.664914198884863,4,2,1,0.75,,
SBA,16,25,6,5,5.375,4.54433242836893,5,-1,-1,-0.625,,
SBA,16,26,1,2,1.875,2.1112453789706658,2,1,1,0.875,,
SBA,16,27,5,6,5.375,5.863138422031974,6,1,1,0.375,,
SBA,16,28,3,6,4.5,4.570534541786071,5,2,3,1.5,,
SBA,16,29,4,7,5.375,5.6348417925027565,6,2,3,1.375,,
SBA,16,30,4,2,3.1875,2.8503187479077687,3,-1,-2,-0.8125,,
SBA,16,31,8,4,5.8125,5.857827240364247,6,-2,-4,-2.1875,,
SBA,16,32,4,2,3.1875,3.116354992354745,3,-1,-2,-0.8125,,
SBA,16,33,8,8,7.5625,7.211733822038875,7,-1,0,-0.4375,,
SBA,16,34,3,6,4.5,4.2515008805832055,4,1,3,1.5,,
SBA,16,35,6,7,6.25,6.465219428204072,6,0,1,0.25,,
SBA,16,36,5,4,4.5,4.3323466011846685,4,-1,-1,-0.5,,
SBA,16,37,5,1,3.1875,3.1550801431581603,3,-2,-4,-1.8125,,
SBA,16,38,1,7,4.0625,3.9576200178937553,4,3,6,3.0625,,
SBA,16,39,2,6,4.0625,3.8324999784773097,4,2,4,2.0625,,
SBA,16,40,4,2,3.1875,2.634090885373662,3,-1,-2,-0.8125,,
SBA,16,41,3,2,2.75,2.1146059607481282,2,-1,-1,-0.25,,
SBA,16,42,5,4,4.5,4.584074370795066,5,0,-1,-0.5,,
SBA,16,43,1,7,4.0625,3.8589591754803463,4,3,6,3.0625,,
SBA,16,44,7,5,5.8125,5.192888808082712,5,-2,-2,-1.1875,,
SBA,16,45,1,4,2.75,2.4662262259771044,2,1,3,1.75,,
SBA,16,46,8,5,6.25,6.4521707838226705,6,-2,-3,-1.75,,
SBA,16,47,2,3,2.75,3.005076745388475,3,1,1,0.75,,
SBA,16,48,4,3,3.625,2.7980882632146393,3,-1,-1,-0.375,,
SBA,16,49,4,8,5.8125,6.087702612231671,6,2,4,1.8125,,
SBA,16,50,8,8,7.5625,6.624029250340227,7,-1,0,-0.4375,,
SBA,16,51,8,8,7.5625,7.257558197383871,7,-1,0,-0.4375,,
SBA,16,52,8,4,5.8125,6.243953741656601,6,-2,-4,-2.1875,,
SBA,16,53,7,8,7.125,6.5902885759751735,7,0,1,0.125,,
SBA,16,54,2,6,4.0625,4.517517289283458,5,3,4,2.0625,,
SBA,16,55,3,2,2.75,2.81161732367886,3,0,-1,-0.25,,
SBA,16,56,5,2,3.625,4.5674717989128455,5,0,-3,-1.375,,
SBA,16,57,5,4,4.5,5.297064715932969,5,0,-1,-0.5,,
SBA,16,58,2,2,2.3125,2.503862260567529,3,1,0,0.3125,,
SBA,16,59,7,3,4.9375,4.818426010869662,5,-2,-4,-2.0625,,
SBA,16,60,7,1,4.0625,4.708225869361272,5,-2,-6,-2.9375,,
SBA,16,61,6,2,4.0625,4.247603216541093,4,-2,-4,-1.9375,,
SBA,16,62,6,2,4.0625,4.447805926201036,4,-2,-4,-1.9375,,
SBA,16,63,7,2,4.5,4.759370622931398,5,-2,-5,-2.5,,
SBA,16,64,8,2,4.9375,5.080200143167587,5,-3,-6,-3.0625,,
SBA,16,65,4,6,4.9375,4.3939573947482815,4,0,2,0.9375,,
SBA,16,66,1,7,4.0625,4.5237403505749425,5,4,6,3.0625,,
SBA,16,67,8,6,6.6875,6.38388734068523,6,-2,-2,-1.3125,,
SBA,16,68,4,2,3.1875,3.9091591955629577,4,0,-2,-0.8125,,
SBA,16,69,5,7,5.8125,5.54791552898708,6,1,2,0.8125,,
SBA,16,70,3,3,3.1875,3.2522876117021786,3,0,0,0.1875,,
SBA,16,71,6,4,4.9375,5.707471031764341,6,0,-2,-1.0625,,
SBA,16,72,6,8,6.6875,6.89812452220881,7,1,2,0.6875,,
SBA,16,73,2,3,2.75,2.3381979010350338,2,0,1,0.75,,
SBA,16,74,5,4,4.5,4.992756787054601,5,0,-1,-0.5,,
SBA,16,75,6,4,4.9375,4.907747950849521,5,-1,-2,-1.0625,,
SBA,16,76,5,2,3.625,3.9931648689577885,4,-1,-3,-1.375,,
SBA,16,77,5,5,4.9375,4.725948585109232,5,0,0,-0.0625,,
SBA,16,78,2,8,4.9375,5.085531404609161,5,3,6,2.9375,,
SBA,16,79,3,4,3.625,4.406354637649881,4,1,1,0.625,,
SBA,16,80,8,2,4.9375,4.936236306317558,5,-3,-6,-3.0625,,
SBA,17,1,6,1,3.625,4.754407888983307,5,-1,-5,-2.375,,
SBA,17,2,3,8,5.375,6.034175095343363,6,3,5,2.375,,
SBA,17,3,4,5,4.5,4.809152220779369,5,1,1,0.5,,
SBA,17,4,4,8,5.8125,5.865565794274788,6,2,4,1.8125,,
SBA,17,5,2,2,2.3125,2.035440936781615,2,0,0,0.3125,,
SBA,17,6,2,2,2.3125,2.654004359860691,3,1,0,0.3125,,
SBA,17,7,2,6,4.0625,4.080995693325307,4,2,4,2.0625,,
SBA,17,8,3,3,3.1875,3.3620477773926583,3,0,0,0.1875,,
SBA,17,9,2,5,3.625,4.220396967064302,4,2,3,1.625,,
SBA,17,10,4,6,4.9375,4.723815954392974,5,1,2,0.9375,,
SBA,17,11,4,3,3.625,3.9150388509420844,4,0,-1,-0.375,,
SBA,17,12,3,3,3.1875,2.1778350538995017,2,-1,0,0.1875,,
SBA,17,13,8,2,4.9375,5.578109944009992,6,-2,-6,-3.0625,,
SBA,17,14,4,2,3.1875,2.552476194203031,3,-1,-2,-0.8125,,
SBA,17,15,5,8,6.25,6.2037052883098145,6,1,3,1.25,,
SBA,17,16,7,4,5.375,5.539127236905067,6,-1,-3,-1.625,,
SBA,17,17,2,2,2.3125,2.4973486770744358,2,0,0,0.3125,,
SBA,17,18,7,1,4.0625,4.288310373001487,4,-3,-6,-2.9375,,
SBA,17,19,8,5,6.25,6.5157120019105985,7,-1,-3,-1.75,,
SBA,17,20,5,2,3.625,4.661697429040574,5,0,-3,-1.375,,
SBA,17,21,6,8,6.6875,7.357313863152282,7,1,2,0.6875,,
SBA,17,22,5,5,4.9375,5.2803738175403385,5,0,0,-0.0625,,
SBA,17,23,3,5,4.0625,3.128566203615988,3,0,2,1.0625,,
SBA,17,24,5,8,6.25,5.984239037902443,6,1,3,1.25,,
SBA,17,25,4,2,3.1875,4.003464681054051,4,0,-2,-0.8125,,
SBA,17,26,5,1,3.1875,2.1337845533775996,2,-3,-4,-1.8125,,
SBA,17,27,2,2,2.3125,2.0545483122540493,2,0,0,0.3125,,
SBA,17,28,1,1,1.4375,1.0906799360325101,1,0,0,0.4375,,
SBA,17,29,4,5,4.5,5.546581327905381,6,2,1,0.5,,
SBA,17,30,1,4,2.75,2.4877554731726534,2,1,3,1.75,,
SBA,17,31,7,5,5.8125,5.856435465523647,6,-1,-2,-1.1875,,
SBA,17,32,4,7,5.375,5.036745700725714,5,1,3,1.375,,
SBA,17,33,8,5,6.25,5.460010563607323,5,-3,-3,-1.75,,
SBA,17,34,1,2,1.875,1.8922009962209114,2,1,1,0.875,,
SBA,17,35,1,1,1.4375,1.0392299516397285,1,0,0,0.4375,,
SBA,17,36,2,5,3.625,3.1315506740418764,3,1,3,1.625,,
SBA,17,37,3,1,2.3125,2.2209647522310862,2,-1,-2,-0.6875,,
SBA,17,38,6,3,4.5,4.120990444031171,4,-2,-3,-1.5,,
SBA,17,39,3,5,4.0625,3.859574540124975,4,1,2,1.0625,,
SBA,17,40,8,4,5.8125,5.315096658175619,5,-3,-4,-2.1875,,
SBA,17,41,8,7,7.125,6.937770483114136,7,-1,-1,-0.875,,
SBA,17,42,1,2,1.875,1.9459759485150268,2,1,1,0.875,,
SBA,17,43,6,7,6.25,6.032529740930408,6,0,1,0.25,,
SBA,17,44,5,7,5.8125,6.2298027236177855,6,1,2,0.8125,,
SBA,17,45,7,4,5.375,5.251230153600667,5,-2,-3,-1.625,,
SBA,17,46,4,4,4.0625,4.613052412569293,5,1,0,0.0625,,
SBA,17,47,1,4,2.75,2.8458707818899924,3,2,3,1.75,,
SBA,17,48,1,1,1.4375,1.020401550368228,1,0,0,0.4375,,
SBA,17,49,2,4,3.1875,3.817046420389962,4,2,2,1.1875,,
SBA,17,50,7,5,5.8125,5.90657116811057,6,-1,-2,-1.1875,,
SBA,17,51,1,2,1.875,2.6003826763894597,3,2,1,0.875,,
SBA,17,52,6,3,4.5,5.266284075182705,5,-1,-3,-1.5,,
SBA,17,53,1,3,2.3125,2.0442778952698766,2,1,2,1.3125,,
SBA,17,54,8,7,7.125,7.450703410414303,7,-1,-1,-0.875,,
SBA,17,55,1,8,4.5,4.162908365485306,4,3,7,3.5,,
SBA,17,56,6,1,3.625,3.3397772019893575,3,-3,-5,-2.375,,
SBA,17,57,1,1,1.4375,1.0237344618777875,1,0,0,0.4375,,
SBA,17,58,6,4,4.9375,5.849136806081496,6,0,-2,-1.0625,,
SBA,17,59,1,3,2.3125,3.0706733018854404,3,2,2,1.3125,,
SBA,17,60,3,6,4.5,5.244047168690892,5,2,3,1.5,,
SBA,17,61,7,3,4.9375,4.304169953377662,4,-3,-4,-2.0625,,
SBA,17,62,5,3,4.0625,4.368961153351996,4,-1,-2,-0.9375,,
SBA,17,63,3,4,3.625,3.450946665143241,3,0,1,0.625,,
SBA,17,64,5,3,4.0625,3.7507988607303,4,-1,-2,-0.9375,,
SBA,17,65,5,5,4.9375,4.880162355796506,5,0,0,-0.0625,,
SBA,17,66,1,4,2.75,2.8681833744984204,3,2,3,1.75,,
SBA,17,67,4,2,3.1875,3.2534622700491824,3,-1,-2,-0.8125,,
SBA,17,68,2,6,4.0625,3.5497165300141056,4,2,4,2.0625,,
SBA,17,69,4,3,3.625,3.4763633494109314,3,-1,-1,-0.375,,
SBA,17,70,2,8,4.9375,5.312729079097492,5,3,6,2.9375,,
SBA,17,71,3,3,3.1875,3.9510978270413037,4,1,0,0.1875,,
SBA,17,72,5,8,6.25,6.5249822266815665,7,2,3,1.25,,
SBA,17,73,4,1,2.75,2.507457582192692,3,-1,-3,-1.25,,
SBA,17,74,5,2,3.625,4.551304790831413,5,0,-3,-1.375,,
SBA,17,75,1,8,4.5,4.955630883279606,5,4,7,3.5,,
SBA,17,76,3,5,4.0625,3.9554634095796413,4,1,2,1.0625,,
SBA,17,77,3,6,4.5,3.8441353048157407,4,1,3,1.5,,
SBA,17,78,7,4,5.375,4.406880491713335,4,-3,-3,-1.625,,
SBA,17,79,3,2,2.75,3.5885740479907415,4,1,-1,-0.25,,
SBA,17,80,6,2,4.0625,4.555876570569814,5,-1,-4,-1.9375,,
SBA,18,1,7,4,5.375,5.233619049185308,5,-2,-3,-1.625,,
SBA,18,2,2,6,4.0625,4.257756315705118,4,2,4,2.0625,,
SBA,18,3,1,4,2.75,2.2168108710300243,2,1,3,1.75,,
SBA,18,4,7,7,6.6875,7.26536747045355,7,0,0,-0.3125,,
SBA,18,5,3,4,3.625,3.18429735904975,3,0,1,0.625,,
SBA,18,6,3,6,4.5,4.023706719266097,4,1,3,1.5,,
SBA,18,7,8,7,7.125,7.768716589615018,8,0,-1,-0.875,,
SBA,18,8,4,2,3.1875,2.787523672090313,3,-1,-2,-0.8125,,
SBA,18,9,5,4,4.5,4.476793427914423,4,-1,-1,-0.5,,
SBA,18,10,2,7,4.5,5.076963248285827,5,3,5,2.5,,
SBA,18,11,3,3,3.1875,3.302573112220353,3,0,0,0.1875,,
SBA,18,12,4,6,4.9375,5.544814863686603,6,2,2,0.9375,,
SBA,18,13,1,8,4.5,3.9726387074848617,4,3,7,3.5,,
SBA,18,14,2,4,3.1875,3.1579723434786477,3,1,2,1.1875,,
SBA,18,15,8,4,5.8125,6.229664117790898,6,-2,-4,-2.1875,,
SBA,18,16,6,5,5.375,5.54630621034332,6,0,-1,-0.625,,
SBA,18,17,5,5,4.9375,5.001668353366563,5,0,0,-0.0625,,
SBA,18,18,5,6,5.375,5.206627779374463,5,0,1,0.375,,
SBA,18,19,3,2,2.75,2.6308551551018042,3,0,-1,-0.25,,
SBA,18,20,8,6,6.6875,6.471529831830879,6,-2,-2,-1.3125,,
SBA,18,21,4,5,4.5,4.837826276056914,5,1,1,0.5,,
SBA,18,22,2,4,3.1875,2.629835779559681,3,1,2,1.1875,,
SBA,18,23,1,2,1.875,1.854162236729092,2,1,1,0.875,,
SBA,18,24,5,1,3.1875,3.399892321498321,3,-2,-4,-1.8125,,
SBA,18,25,1,4,2.75,2.6481182344993646,3,2,3,1.75,,
SBA,18,26,4,6,4.9375,5.291207000272012,5,1,2,0.9375,,
SBA,18,27,7,1,4.0625,3.7422720642404026,4,-3,-6,-2.9375,,
SBA,18,28,4,5,4.5,4.958129556583939,5,1,1,0.5,,
SBA,18,29,5,7,5.8125,6.499291918873937,6,1,2,0.8125,,
SBA,18,30,7,5,5.8125,5.512819001950894,6,-1,-2,-1.1875,,
SBA,18,31,4,8,5.8125,5.499521677445089,5,1,4,1.8125,,
SBA,18,32,4,7,5.375,4.604795621334807,5,1,3,1.375,,
SBA,18,33,1,6,3.625,3.766099825172875,4,3,5,2.625,,
SBA,18,34,6,7,6.25,7.315448934520033,7,1,1,0.25,,
SBA,18,35,1,5,3.1875,3.030061631291574,3,2,4,2.1875,,
SBA,18,36,3,5,4.0625,4.039458381489881,4,1,2,1.0625,,
SBA,18,37,3,6,4.5,3.6012821633426473,4,1,3,1.5,,
SBA,18,38,2,6,4.0625,3.702505822646116,4,2,4,2.0625,,
SBA,18,39,7,5,5.8125,6.263629373311776,6,-1,-2,-1.1875,,
SBA,18,40,7,6,6.25,6.802475692424731,7,0,-1,-0.75,,
SBA,18,41,2,3,2.75,3.209352117293724,3,1,1,0.75,,
SBA,18,42,5,5,4.9375,5.560950726129253,6,1,0,-0.0625,,
SBA,18,43,2,7,4.5,4.384496084688875,4,2,5,2.5,,
SBA,18,44,2,5,3.625,3.410342521282775,3,1,3,1.625,,
SBA,18,45,2,8,4.9375,5.894097054152672,6,4,6,2.9375,,
SBA,18,46,4,5,4.5,4.116135295776936,4,0,1,0.5,,
SBA,18,47,8,6,6.6875,6.64850582079205,7,-1,-2,-1.3125,,
SBA,18,48,6,5,5.375,5.331725558528739,5,-1,-1,-0.625,,
SBA,18,49,1,4,2.75,2.5593310510499157,3,2,3,1.75,,
SBA,18,50,2,3,2.75,2.6407320351470918,3,1,1,0.75,,
SBA,18,51,3,4,3.625,3.519228608780616,4,1,1,0.625,,
SBA,18,52,2,6,4.0625,4.209377208851715,4,2,4,2.0625,,
SBA,18,53,2,2,2.3125,2.23499153708725,2,0,0,0.3125,,
SBA,18,54,8,1,4.5,5.0468615594098125,5,-3,-7,-3.5,,
SBA,18,55,6,7,6.25,6.115848979710188,6,0,1,0.25,,
SBA,18,56,2,4,3.1875,3.1152011383439286,3,1,2,1.1875,,
SBA,18,57,5,8,6.25,6.37864938862432,6,1,3,1.25,,
SBA,18,58,3,5,4.0625,3.299096270572753,3,0,2,1.0625,,
SBA,18,59,3,2,2.75,2.4105439394031474,2,-1,-1,-0.25,,
SBA,18,60,4,7,5.375,5.727185274196761,6,2,3,1.375,,
SBA,18,61,8,6,6.6875,6.867013524959297,7,-1,-2,-1.3125,,
SBA,18,62,7,4,5.375,5.4203862147754664,5,-2,-3,-1.625,,
SBA,18,63,5,4,4.5,4.709719397081142,5,0,-1,-0.5,,
SBA,18,64,3,4,3.625,3.066670954980225,3,0,1,0.625,,
SBA,18,65,8,4,5.8125,5.91696969826852,6,-2,-4,-2.1875,,
SBA,18,66,2,5,3.625,3.313415030885194,3,1,3,1.625,,
SBA,18,67,1,2,1.875,2.0800690790459275,2,1,1,0.875,,
SBA,18,68,2,8,4.9375,5.762617452223537,6,4,6,2.9375,,
SBA,18,69,5,6,5.375,4.754597744145866,5,0,1,0.375,,
SBA,18,70,7,6,6.25,7.0410895395695245,7,0,-1,-0.75,,
SBA,18,71,2,4,3.1875,2.880810026124266,3,1,2,1.1875,,
SBA,18,72,5,4,4.5,4.763898277039783,5,0,-1,-0.5,,
SBA,18,73,3,8,5.375,4.892382368151305,5,2,5,2.375,,
SBA,18,74,1,3,2.3125,2.153425878890304,2,1,2,1.3125,,
SBA,18,75,6,8,6.6875,6.1178610091437,6,0,2,0.6875,,
SBA,18,76,4,8,5.8125,6.446726849422374,6,2,4,1.8125,,
SBA,18,77,3,2,2.75,3.7809082373328984,4,1,-1,-0.25,,
SBA,18,78,8,4,5.8125,5.539101169441844,6,-2,-4,-2.1875,,
SBA,18,79,8,8,7.5625,7.397791611896756,7,-1,0,-0.4375,,
SBA,18,80,8,3,5.375,5.986559062309276,6,-2,-5,-2.625,,
SBA,19,1,2,4,3.1875,2.793317669421113,3,1,2,1.1875,,
SBA,19,2,5,3,4.0625,3.4187994890687103,3,-2,-2,-0.9375,,
SBA,19,3,4,2,3.1875,3.5428132614923595,4,0,-2,-0.8125,,
SBA,19,4,2,2,2.3125,2.324155628700821,2,0,0,0.3125,,
SBA,19,5,5,7,5.8125,6.468649458384475,6,1,2,0.8125,,
SBA,19,6,5,5,4.9375,4.942964011045174,5,0,0,-0.0625,,
SBA,19,7,7,8,7.125,6.262796908511021,6,-1,1,0.125,,
SBA,19,8,5,2,3.625,4.609560781461992,5,0,-3,-1.375,,
SBA,19,9,5,8,6.25,6.073131152052299,6,1,3,1.25,,
SBA,19,10,8,3,5.375,5.695134629218087,6,-2,-5,-2.625,,
SBA,19,11,2,6,4.0625,4.09323545165714,4,2,4,2.0625,,
SBA,19,12,1,7,4.0625,3.4298348185797902,3,2,6,3.0625,,
SBA,19,13,2,3,2.75,1.846957753900099,2,0,1,0.75,,
SBA,19,14,3,2,2.75,3.362648190775103,3,0,-1,-0.25,,
SBA,19,15,3,1,2.3125,2.6087142484617054,3,0,-2,-0.6875,,
SBA,19,16,4,1,2.75,3.6810624893746873,4,0,-3,-1.25,,
SBA,19,17,6,6,5.8125,5.902446250592762,6,0,0,-0.1875,,
SBA,19,18,6,8,6.6875,6.781507036863166,7,1,2,0.6875,,
SBA,19,19,6,5,5.375,5.179347364698173,5,-1,-1,-0.625,,
SBA,19,20,6,2,4.0625,3.2612174935266687,3,-3,-4,-1.9375,,
SBA,19,21,5,4,4.5,4.866171377238541,5,0,-1,-0.5,,
SBA,19,22,6,1,3.625,3.5174764345346476,4,-2,-5,-2.375,,
SBA,19,23,7,7,6.6875,6.703519677284157,7,0,0,-0.3125,,
SBA,19,24,5,5,4.9375,5.012259159310125,5,0,0,-0.0625,,
SBA,19,25,7,7,6.6875,7.336179604067022,7,0,0,-0.3125,,
SBA,19,26,5,4,4.5,4.421939706157812,4,-1,-1,-0.5,,
SBA,19,27,3,5,4.0625,3.7293662797295495,4,1,2,1.0625,,
SBA,19,28,3,3,3.1875,3.189426786536342,3,0,0,0.1875,,
SBA,19,29,7,1,4.0625,5.011937977148503,5,-2,-6,-2.9375,,
SBA,19,30,7,1,4.0625,4.216875386672149,4,-3,-6,-2.9375,,
SBA,19,31,2,4,3.1875,3.2517762857959127,3,1,2,1.1875,,
SBA,19,32,4,7,5.375,5.22467258300871,5,1,3,1.375,,
SBA,19,33,6,3,4.5,4.350551321333183,4,-2,-3,-1.5,,
SBA,19,34,3,6,4.5,3.973944180667072,4,1,3,1.5,,
SBA,19,35,5,5,4.9375,4.666382349605484,5,0,0,-0.0625,,
SBA,19,36,7,2,4.5,4.579768281464783,5,-2,-5,-2.5,,
SBA,19,37,2,4,3.1875,2.575676385796468,3,1,2,1.1875,,
SBA,19,38,6,3,4.5,4.403820252582209,4,-2,-3,-1.5,,
SBA,19,39,4,5,4.5,3.904517444747091,4,0,1,0.5,,
SBA,19,40,3,7,4.9375,4.502701253559195,5,2,4,1.9375,,
SBA,19,41,1,7,4.0625,3.839515324164779,4,3,6,3.0625,,
SBA,19,42,1,8,4.5,4.497540115501183,4,3,7,3.5,,
SBA,19,43,2,6,4.0625,4.007341298338431,4,2,4,2.0625,,
SBA,19,44,1,5,3.1875,3.8744303549401327,4,3,4,2.1875,,
SBA,19,45,5,2,3.625,4.250615046022423,4,-1,-3,-1.375,,
SBA,19,46,7,2,4.5,4.391761928198244,4,-3,-5,-2.5,,
SBA,19,47,1,7,4.0625,3.9666775773578533,4,3,6,3.0625,,
SBA,19,48,2,1,1.875,1.4946095992386237,1,-1,-1,-0.125,,
SBA,19,49,7,3,4.9375,5.755004543702395,6,-1,-4,-2.0625,,
SBA,19,50,5,1,3.1875,3.775031050228668,4,-1,-4,-1.8125,,
SBA,19,51,7,1,4.0625,3.5686810448792947,4,-3,-6,-2.9375,,
SBA,19,52,5,7,5.8125,5.766800316287786,6,1,2,0.8125,,
SBA,19,53,8,2,4.9375,5.609595881099055,6,-2,-6,-3.0625,,
SBA,19,54,2,6,4.0625,3.872573311845687,4,2,4,2.0625,,
SBA,19,55,7,2,4.5,4.273586521390156,4,-3,-5,-2.5,,
SBA,19,56,4,3,3.625,4.123978972983154,4,0,-1,-0.375,,
SBA,19,57,1,8,4.5,4.207550153654129,4,3,7,3.5,,
SBA,19,58,4,4,4.0625,5.15430636111764,5,1,0,0.0625,,
SBA,19,59,4,7,5.375,5.55616276100575,6,2,3,1.375,,
SBA,19,60,5,2,3.625,3.4068961725263787,3,-2,-3,-1.375,,
SBA,19,61,2,1,1.875,0.4902605213014859,1,-1,-1,-0.125,,
SBA,19,62,7,1,4.0625,4.472106794114713,4,-3,-6,-2.9375,,
SBA,19,63,3,5,4.0625,3.3899175964345534,3,0,2,1.0625,,
SBA,19,64,8,1,4.5,4.685236422464156,5,-3,-7,-3.5,,
SBA,19,65,8,8,7.5625,7.74034286993282,8,0,0,-0.4375,,
SBA,19,66,1,5,3.1875,3.4648132908252514,3,2,4,2.1875,,
SBA,19,67,6,6,5.8125,5.049368635812225,5,-1,0,-0.1875,,
SBA,19,68,4,6,4.9375,4.599557308235619,5,1,2,0.9375,,
SBA,19,69,5,7,5.8125,6.0794831621024255,6,1,2,0.8125,,
SBA,19,70,3,1,2.3125,2.6156678740940227,3,0,-2,-0.6875,,
SBA,19,71,4,2,3.1875,3.9440531662271376,4,0,-2,-0.8125,,
SBA,19,72,7,4,5.375,5.018132905777791,5,-2,-3,-1.625,,
SBA,19,73,5,7,5.8125,5.133410487269145,5,0,2,0.8125,,
SBA,19,74,3,5,4.0625,3.265904249525823,3,0,2,1.0625,,
SBA,19,75,6,4,4.9375,4.9984593037455864,5,-1,-2,-1.0625,,
SBA,19,76,4,4,4.0625,4.6071015682207355,5,1,0,0.0625,,
SBA,19,77,6,1,3.625,3.3762645876191097,3,-3,-5,-2.375,,
SBA,19,78,6,1,3.625,3.328735914591675,3,-3,-5,-2.375,,
SBA,19,79,7,6,6.25,6.66751444341172,7,0,-1,-0.75,,
SBA,19,80,6,3,4.5,4.526692919026454,5,-1,-3,-1.5,,
SBA,20,1,6,5,5.375,5.245827591146264,5,-1,-1,-0.625,,
SBA,20,2,6,5,5.375,5.12875582277605,5,-1,-1,-0.625,,
SBA,20,3,7,2,4.5,4.552063551978711,5,-2,-5,-2.5,,
SBA,20,4,4,2,3.1875,3.038669255724586,3,-1,-2,-0.8125,,
SBA,20,5,3,2,2.75,3.011702079190786,3,0,-1,-0.25,,
SBA,20,6,5,6,5.375,4.9853275028354345,5,0,1,0.375,,
SBA,20,7,4,6,4.9375,5.060586505854959,5,1,2,0.9375,,
SBA,20,8,3,4,3.625,3.228331819565109,3,0,1,0.625,,
SBA,20,9,2,3,2.75,2.1170163676163254,2,0,1,0.75,,
SBA,20,10,7,6,6.25,6.63501656230064,7,0,-1,-0.75,,
SBA,20,11,5,3,4.0625,3.99986431128313,4,-1,-2,-0.9375,,
SBA,20,12,7,5,5.8125,5.479808089598475,5,-2,-2,-1.1875,,
SBA,20,13,5,8,6.25,5.682653823641741,6,1,3,1.25,,
SBA,20,14,3,1,2.3125,2.1055580450425513,2,-1,-2,-0.6875,,
SBA,20,15,7,7,6.6875,7.283397827863877,7,0,0,-0.3125,,
SBA,20,16,4,8,5.8125,5.931190653498801,6,2,4,1.8125,,
SBA,20,17,1,7,4.0625,4.589301210135534,5,4,6,3.0625,,
SBA,20,18,1,6,3.625,3.9403658907856527,4,3,5,2.625,,
SBA,20,19,5,7,5.8125,6.423536395907336,6,1,2,0.8125,,
SBA,20,20,1,1,1.4375,1.5279265772339752,2,1,0,0.4375,,
SBA,20,21,7,2,4.5,4.903570642690643,5,-2,-5,-2.5,,
SBA,20,22,2,3,2.75,1.898655912220301,2,0,1,0.75,,
SBA,20,23,4,1,2.75,2.914273814547061,3,-1,-3,-1.25,,
SBA,20,24,6,2,4.0625,3.062687040652476,3,-3,-4,-1.9375,,
SBA,20,25,1,5,3.1875,3.6449589053590343,4,3,4,2.1875,,
SBA,20,26,7,5,5.8125,7.161010960001107,7,0,-2,-1.1875,,
SBA,20,27,1,4,2.75,2.6272452901070507,3,2,3,1.75,,
SBA,20,28,2,5,3.625,4.360502192899114,4,2,3,1.625,,
SBA,20,29,1,8,4.5,4.942525234219164,5,4,7,3.5,,
SBA,20,30,8,3,5.375,5.26478499963878,5,-3,-5,-2.625,,
SBA,20,31,4,3,3.625,3.3897539227814555,3,-1,-1,-0.375,,
SBA,20,32,3,6,4.5,4.7733000054702135,5,2,3,1.5,,
SBA,20,33,2,1,1.875,1.9585791410275335,2,0,-1,-0.125,,
SBA,20,34,8,7,7.125,7.2086500132938225,7,-1,-1,-0.875,,
SBA,20,35,5,5,4.9375,4.873603718928632,5,0,0,-0.0625,,
SBA,20,36,8,3,5.375,5.202395177880893,5,-3,-5,-2.625,,
SBA,20,37,8,2,4.9375,4.484339158156779,4,-4,-6,-3.0625,,
SBA,20,38,7,1,4.0625,3.2945534149066824,3,-4,-6,-2.9375,,
SBA,20,39,7,2,4.5,4.451321425445906,4,-3,-5,-2.5,,
SBA,20,40,4,8,5.8125,5.975074454177547,6,2,4,1.8125,,
SBA,20,41,3,1,2.3125,1.6019083688173454,2,-1,-2,-0.6875,,
SBA,20,42,1,7,4.0625,3.6903249027077507,4,3,6,3.0625,,
SBA,20,43,7,3,4.9375,4.139017367757991,4,-3,-4,-2.0625,,
SBA,20,44,5,3,4.0625,4.452432254174326,4,-1,-2,-0.9375,,
SBA,20,45,7,5,5.8125,6.345785008820542,6,-1,-2,-1.1875,,
SBA,20,46,4,5,4.5,4.228728258306457,4,0,1,0.5,,
SBA,20,47,1,6,3.625,3.56893767632452,4,3,5,2.625,,
SBA,20,48,1,1,1.4375,1.5974923351183887,2,1,0,0.4375,,
SBA,20,49,7,3,4.9375,4.812589797405861,5,-2,-4,-2.0625,,
SBA,20,50,7,8,7.125,7.395293692331883,7,0,1,0.125,,
SBA,20,51,3,8,5.375,6.270326458105432,6,3,5,2.375,,
SBA,20,52,2,3,2.75,3.2520755994115964,3,1,1,0.75,,
SBA,20,53,1,8,4.5,4.904152178952554,5,4,7,3.5,,
SBA,20,54,6,3,4.5,5.419939755255241,5,-1,-3,-1.5,,
SBA,20,55,7,2,4.5,3.8655637298454937,4,-3,-5,-2.5,,
SBA,20,56,3,2,2.75,2.923708177835542,3,0,-1,-0.25,,
SBA,20,57,2,1,1.875,1.049103283642295,1,-1,-1,-0.125,,
SBA,20,58,4,2,3.1875,4.059378476862141,4,0,-2,-0.8125,,
SBA,20,59,7,2,4.5,4.867436882834566,5,-2,-5,-2.5,,
SBA,20,60,4,8,5.8125,5.774780922352878,6,2,4,1.8125,,
SBA,20,61,5,7,5.8125,5.585038020054701,6,1,2,0.8125,,
SBA,20,62,5,3,4.0625,3.7795049648412875,4,-1,-2,-0.9375,,
SBA,20,63,5,3,4.0625,3.924014463662528,4,-1,-2,-0.9375,,
SBA,20,64,5,4,4.5,3.711752490885774,4,-1,-1,-0.5,,
SBA,20,65,1,7,4.0625,3.8123842750358325,4,3,6,3.0625,,
SBA,20,66,3,5,4.0625,3.801552436253297,4,1,2,1.0625,,
SBA,20,67,5,2,3.625,3.1970461024311536,3,-2,-3,-1.375,,
SBA,20,68,1,7,4.0625,3.793341936153683,4,3,6,3.0625,,
SBA,20,69,7,1,4.0625,3.930246714725787,4,-3,-6,-2.9375,,
SBA,20,70,2,8,4.9375,5.053776843143109,5,3,6,2.9375,,
SBA,20,71,1,4,2.75,3.1571204086883853,3,2,3,1.75,,
SBA,20,72,5,8,6.25,6.051797880023454,6,1,3,1.25,,
SBA,20,73,6,6,5.8125,4.823748707188473,5,-1,0,-0.1875,,
SBA,20,74,5,5,4.9375,4.82886879441559,5,0,0,-0.0625,,
SBA,20,75,5,1,3.1875,2.7929843375579315,3,-2,-4,-1.8125,,
SBA,20,76,6,6,5.8125,5.806869485802638,6,0,0,-0.1875,,
SBA,20,77,3,1,2.3125,1.57630449160171,2,-1,-2,-0.6875,,
SBA,20,78,1,2,1.875,1.4596296346642197,1,0,1,0.875,,
SBA,20,79,6,4,4.9375,4.50457204894458,5,-1,-2,-1.0625,,
SBA,20,80,2,5,3.625,3.775011294661548,4,2,3,1.625,,
